食べ歩き,,,1,名詞,固有名詞,一般,*,*,*,食べ歩き,タベアルキ,タベアルキ
街歩き,,,1,名詞,固有名詞,一般,*,*,*,街歩き,マチアルキ,マチアルキ
町歩き,,,1,名詞,固有名詞,一般,*,*,*,街歩き,マチアルキ,マチアルキ
飲み歩き,,,1,名詞,固有名詞,一般,*,*,*,飲み歩き,ノミアルキ,ノミアルキ
呑み歩き,,,1,名詞,固有名詞,一般,*,*,*,飲み歩き,ノミアルキ,ノミアルキ
スイーツ,,,1,名詞,固有名詞,一般,*,*,*,スイーツ,スイーツ,スイーツ
お肉,,,1,名詞,固有名詞,一般,*,*,*,お肉,オニク,オニク
肉,,,1,名詞,固有名詞,一般,*,*,*,お肉,オニク,オニク
娘,,,1,名詞,固有名詞,一般,*,*,*,娘,ムスメ,ムスメ
Premier League,,,1,名詞,固有名詞,一般,*,*,*,プレミアリーグ,プレミアリーグ,プレミアリーグ
プレミアリーグ,,,1,名詞,固有名詞,一般,*,*,*,プレミアリーグ,プレミアリーグ,プレミアリーグ
プレミア,,,1,名詞,固有名詞,一般,*,*,*,プレミアリーグ,プレミアリーグ,プレミアリーグ
Major League,,,1,名詞,固有名詞,一般,*,*,*,メジャーリーグ,メジャーリーグ,メジャーリーグ
メジャー,,,1,名詞,固有名詞,一般,*,*,*,メジャーリーグ,メジャーリーグ,メジャーリーグ
メジャーリーグ,,,1,名詞,固有名詞,一般,*,*,*,メジャーリーグ,メジャーリーグ,メジャーリーグ
エンタメ,,,1,名詞,固有名詞,一般,*,*,*,エンターテイメント,エンターテイメント,エンターテイメント
ジャニーズ,,,1,名詞,固有名詞,一般,*,*,*,ジャニーズ,ジャニーズ,ジャニーズ
ROAD BIKE,,,1,名詞,固有名詞,一般,*,*,*,ロードバイク,ロードバイク,ロードバイク
ロードバイク,,,1,名詞,固有名詞,一般,*,*,*,ロードバイク,ロードバイク,ロードバイク
ニート,,,1,名詞,固有名詞,一般,*,*,*,ニート,ニート,ニート
自宅ラック,,,1,名詞,固有名詞,一般,*,*,*,自宅ラック,ジタクラック,ジタクラック
ボードゲーム,,,1,名詞,固有名詞,一般,*,*,*,ボードゲーム,ボードゲーム,ボードゲーム
マリオカート,,,1,名詞,固有名詞,一般,*,*,*,マリオカート,マリオカート,マリオカート
ベイスターズ,,,1,名詞,固有名詞,一般,*,*,*,横浜DeNAベイスターズ,ベイスターズ,ベイスターズ
#giants,,,1,名詞,固有名詞,一般,*,*,*,読売ジャイアンツ,ジャイアンツ,ジャイアンツ
読売,,,1,名詞,固有名詞,一般,*,*,*,読売ジャイアンツ,ジャイアンツ,ジャイアンツ
中日,,,10,名詞,固有名詞,組織,*,*,*,中日ドラゴンズ,チュウニチドラゴンズ,チュウニチドラゴンズ
ドラゴンズ,,,10,名詞,固有名詞,一般,*,*,*,中日ドラゴンズ,チュウニチドラゴンズ,チュウニチドラゴンズ
中日ドラゴンズ,,,1,名詞,固有名詞,組織,*,*,*,中日ドラゴンズ,チュウニチドラゴンズ,チュウニチドラゴンズ
ジャイアンツ,,,1,名詞,固有名詞,一般,*,*,*,読売ジャイアンツ,ジャイアンツ,ジャイアンツ
THE DRAGONS,,,1,名詞,固有名詞,一般,*,*,*,中日ドラゴンズ,ドラゴンズ,ドラゴンズ
ミラン,,,1,名詞,固有名詞,一般,*,*,*,ACミラン,ミラン,ミラン
いぬ,,,1,名詞,固有名詞,一般,*,*,*,犬,イヌ,イヌ
ねこ,,,1,名詞,固有名詞,一般,*,*,*,猫,ネコ,ネコ
IDOL,,,1,名詞,固有名詞,一般,*,*,*,アイドル,アイドル,アイドル
web,,,1,名詞,固有名詞,一般,*,*,*,Web,ウェブ,ウェブ
Blog,,,1,名詞,固有名詞,一般,*,*,*,ブログ,ブログ,ブログ
blog,,,1,名詞,固有名詞,一般,*,*,*,ブログ,ブログ,ブログ
モンハン,,,1,名詞,固有名詞,一般,*,*,*,モンハン,モンハン,モンハン
Crowd Funding,,,1,名詞,固有名詞,一般,*,*,*,クラウドファンディング,クラウドファンディング,クラウドファンディング
クラウドファンディング,,,-2000,名詞,固有名詞,一般,*,*,*,クラウドファンディング,クラウドファンディング,クラウドファンディング
鹿島アントラーズ,,,1,名詞,固有名詞,一般,*,*,*,鹿島アントラーズ,カシマアントラーズ,カシマアントラーズ
アントラーズ,,,1,名詞,固有名詞,一般,*,*,*,鹿島アントラーズ,カシマアントラーズ,カシマアントラーズ
アントラーズサポーター,,,-4000,名詞,固有名詞,一般,*,*,*,鹿島アントラーズ,カシマアントラーズ,カシマアントラーズ
ポケモン,,,1,名詞,固有名詞,一般,*,*,*,ポケモン,ポケモン,ポケモン
テキトー,,,1,名詞,固有名詞,一般,*,*,*,テキトー,テキトー,テキトー
ラジオパーソナリティ,,,-1900,名詞,固有名詞,一般,*,*,*,ラジオパーソナリティー,ラジオパーソナリティー,ラジオパーソナリティー
仮面ライダーシリーズ,,,-1200,名詞,固有名詞,一般,*,*,*,仮面ライダー,カメンライダー,カメンライダー
スマブラ,,,1,名詞,固有名詞,一般,*,*,*,スマブラ,スマブラ,スマブラ
ダンガンロンパシリーズ,,,-1700,名詞,固有名詞,一般,*,*,*,ダンガンロンパ,ダンガンロンパ,ダンガンロンパ
三代目J Soul Brothers from EXILE TRIBE,,,-1000,名詞,固有名詞,一般,*,*,*,三代目J Soul Brothers,三代目J Soul Brothers,三代目J Soul Brothers
モー娘,,,1,名詞,固有名詞,一般,*,*,*,モー娘。,モームスメ,モームスメ
横浜ベイスターズ,,,1,名詞,固有名詞,一般,*,*,*,横浜DeNAベイスターズ,ベイスターズ,ベイスターズ
スマブラDX,,,4972,名詞,固有名詞,一般,*,*,*,スマブラ,スマブラデラックス,スマブラデラックス
最新作,,,7023,名詞,固有名詞,一般,*,*,*,新作,サイシンサク,サイシンサク
野鳥観察,,,5730,名詞,固有名詞,一般,*,*,*,野鳥,ヤチョウカンサツ,ヤチョーカンサツ
握手会,,,4877,名詞,固有名詞,一般,*,*,*,握手,アクシュカイ,アクシュカイ
銀魂.,,,8181,名詞,固有名詞,一般,*,*,*,銀魂,ギンタマ,ギンタマ
1型糖尿病,,,6418,名詞,固有名詞,一般,*,*,*,糖尿病,イチガタトウニョウビョウ,イチガタトーニョービョー
アントラーズサポーター,,,-4100,名詞,固有名詞,一般,*,*,*,鹿島アントラーズ,カシマアントラーズ,カシマアントラーズ
Free!ES,,,4487,名詞,固有名詞,一般,*,*,*,Free!,フリーエターナルサマー,フリーエターナルサマー
最新刊,,,7744,名詞,固有名詞,一般,*,*,*,新刊,サイシンカン,サイシンカン
自身,,,4208,名詞,一般,*,*,*,*,自分自身,ジシン,ジシン
外人,,,5464,名詞,一般,*,*,*,*,外国人,ガイジン,ガイジン
大日本プロレス,,,2907,名詞,固有名詞,組織,*,*,*,プロレス,ダイニホンプロレス,ダイニホンプロレス
新聞社,,,7691,名詞,固有名詞,一般,*,*,*,新聞,シンブンシャ,シンブンシャ
戦車兵,,,6279,名詞,固有名詞,一般,*,*,*,戦車,センシャヘイ,センシャヘイ
同人誌,,,7621,名詞,固有名詞,一般,*,*,*,同人,ドウジンシ,ドージンシ
音楽ゲーム,,,1890,名詞,固有名詞,一般,*,*,*,音ゲー,オンガクゲーム,オンガクゲーム
TV番組,,,7706,名詞,固有名詞,一般,*,*,*,テレビ,テレビバングミ,テレビバングミ
起業家,,,5792,名詞,固有名詞,人名,一般,*,*,起業,キギョウカ,キギョーカ
保育所,,,4355,名詞,固有名詞,一般,*,*,*,保育士,ホイクショ,ホイクショ
看護,,,1100,名詞,サ変接続,*,*,*,*,看護師,カンゴ,カンゴ
拡散希望,,,5704,名詞,固有名詞,一般,*,*,*,拡散,カクサンキボウ,カクサンキボー
ももクロちゃん,,,4487,名詞,固有名詞,一般,*,*,*,ももクロ,モモクロチャン,モモクロチャン
海釣り,,,8181,名詞,固有名詞,一般,*,*,*,釣り,ウミヅリ,ウミズリ
保育,,,3631,名詞,サ変接続,*,*,*,*,保育士,ホイク,ホイク
演技力,,,7256,名詞,固有名詞,一般,*,*,*,演技,エンギリョク,エンギリョク
同性,,,5703,名詞,一般,*,*,*,*,同性愛,ドウセイ,ドーセイ
副代表,,,-1555,名詞,固有名詞,一般,*,*,*,代表,フクダイヒョウ,フクダイヒョー
あるあるネタ,,,717,名詞,固有名詞,一般,*,*,*,あるある,アルアルネタ,アルアルネタ
小田急線,,,4982,名詞,固有名詞,一般,*,*,*,小田急,オダキュウセン,オダキューセン
山田,,,4394,名詞,固有名詞,人名,姓,*,*,山田くん,ヤマダ,ヤマダ
アイドルマスターミリオンライブ!,,,3663,名詞,固有名詞,一般,*,*,*,ミリオン,アイドルマスターミリオンライブ,アイドルマスターミリオンライブ
南ことり,,,6755,名詞,固有名詞,人名,一般,*,*,ことり,ミナミコトリ,ミナミコトリ
効率的,,,5462,名詞,固有名詞,一般,*,*,*,効率,コウリツテキ,コーリツテキ
対戦相手,,,7070,名詞,固有名詞,一般,*,*,*,対戦,タイセンアイテ,タイセンアイテ
板金塗装,,,5447,名詞,固有名詞,一般,*,*,*,塗装,バンキントソウ,バンキントソー
みーちゃん,,,6178,名詞,固有名詞,人名,一般,*,*,みぃちゃん,ミーチャン,ミーチャン
絵描き,,,5522,名詞,一般,*,*,*,*,お絵描き,エカキ,エカキ
垂れ,,,5848,名詞,一般,*,*,*,*,垂れ流し,タレ,タレ
空揚げ,,,5522,名詞,一般,*,*,*,*,唐揚げ,カラアゲ,カラアゲ
審判員,,,7296,名詞,固有名詞,一般,*,*,*,審判,シンパンイン,シンパンイン
現代アート,,,4611,名詞,固有名詞,一般,*,*,*,アート,ゲンダイアート,ゲンダイアート
TBSラジオ,,,4972,名詞,固有名詞,一般,*,*,*,ラジオ,ティービーエスラジオ,ティービーエスラジオ
豊川風花,,,7706,名詞,固有名詞,一般,*,*,*,風花,トヨカワフウカ,トヨカワフウカ
飼主,,,5520,名詞,一般,*,*,*,*,飼い主,カイヌシ,カイヌシ
詐欺師,,,6261,名詞,固有名詞,一般,*,*,*,詐欺,サギシ,サギシ
タワーレコード,,,3237,名詞,固有名詞,組織,*,*,*,タワレコ,タワーレコード,タワーレコード
執行,,,4363,名詞,サ変接続,*,*,*,*,執行部,シッコウ,シッコー
作曲家,,,5621,名詞,固有名詞,一般,*,*,*,作曲,サッキョクカ,サッキョクカ
阪急電車,,,7253,名詞,固有名詞,一般,*,*,*,阪急,ハンキュウデンシャ,ハンキューデンシャ
家庭教師ヒットマンREBORN!,,,3663,名詞,固有名詞,一般,*,*,*,REBORN!,カテキョーヒットマンリボーン,カテキョーヒットマンリボーン
おねショタ,,,6418,名詞,固有名詞,一般,*,*,*,ロリショタ,オネショタ,オネショタ
ダウンタウン,,,4952,名詞,固有名詞,人名,一般,*,*,水曜日のダウンタウン,ダウンタウン,ダウンタウン
応募方法,,,6068,名詞,固有名詞,一般,*,*,*,応募,オウボホウホウ,オーボホウホー
元代表,,,542,名詞,固有名詞,一般,*,*,*,代表,モトダイヒョウ,モトダイヒョー
痛単車,,,8181,名詞,固有名詞,一般,*,*,*,痛車,イタンシャ,イタンシャ
映画鑑賞,,,3295,名詞,固有名詞,一般,*,*,*,映画,エイガカンショウ,エイガカンショー
調整中,,,6221,名詞,固有名詞,一般,*,*,*,調整,チョウセイチュウ,チョーセイチュー
インティライミ,,,3563,名詞,固有名詞,一般,*,*,*,ナオト・インティライミ,インティライミ,インティライミ
エロゲーマー,,,4593,名詞,固有名詞,一般,*,*,*,エロゲ,エロゲーマー,エロゲーマー
とびだせ どうぶつの森,,,4600,名詞,固有名詞,一般,*,*,*,どうぶつの森,トビダセドウブツノモリ,トビダセドーブツノモリ
おしらせ,,,6978,名詞,サ変接続,*,*,*,*,お知らせ,オシラセ,オシラセ
安全保障,,,1845,名詞,固有名詞,一般,*,*,*,安保,アンゼンホショウ,アンゼンホショー
コミックス,,,6178,名詞,固有名詞,人名,一般,*,*,コミック,コミックス,コミックス
鏡音リン,,,3222,名詞,固有名詞,一般,*,*,*,鏡音,カガミネリン,カガミネリン
絵かき,,,5522,名詞,一般,*,*,*,*,お絵描き,エカキ,エカキ
焚火,,,4366,名詞,サ変接続,*,*,*,*,焚き火,タキビ,タキビ
すみっこぐらし,,,4487,名詞,固有名詞,一般,*,*,*,すみっコぐらし,スミッコグラシ,スミッコグラシ
ご挨拶,,,4860,名詞,固有名詞,一般,*,*,*,挨拶,ゴアイサツ,ゴアイサツ
人事部,,,5888,名詞,固有名詞,一般,*,*,*,人事,ジンジブ,ジンジブ
選択肢,,,5070,名詞,一般,*,*,*,*,選択,センタクシ,センタクシ
航空祭,,,5079,名詞,固有名詞,一般,*,*,*,航空,コウクウサイ,コークーサイ
大逆転裁判,,,6418,名詞,固有名詞,一般,*,*,*,逆裁,ダイギャクテンサイバン,ダイギャクテンサイバン
ヴィジュアル,,,4593,名詞,固有名詞,一般,*,*,*,ヴィジュアル系,ヴィジュアル,ヴィジュアル
資格者,,,5416,名詞,固有名詞,一般,*,*,*,資格,シカクシャ,シカクシャ
エンタテインメント,,,1147,名詞,固有名詞,一般,*,*,*,エンターテイメント,エンタテインメント,エンタテインメント
イニシャルD,,,4972,名詞,固有名詞,一般,*,*,*,イニD,イニシャルディー,イニシャルディー
デザイナ,,,3558,名詞,一般,*,*,*,*,デザイナー,デザイナ,デザイナ
チンコ,,,6969,名詞,固有名詞,一般,*,*,*,ちんちん,チンコ,チンコ
戦隊もの,,,7260,名詞,固有名詞,一般,*,*,*,戦隊モノ,センタイモノ,センタイモノ
酒屋,,,5457,名詞,一般,*,*,*,*,居酒屋,サカヤ,サカヤ
まどかマギカ,,,4972,名詞,固有名詞,一般,*,*,*,まどマギ,マドカマギカ,マドカマギカ
引越し,,,4354,名詞,サ変接続,*,*,*,*,引っ越し,ヒッコシ,ヒッコシ
断り,,,6419,名詞,一般,*,*,*,*,お断り,コトワリ,コトワリ
TVドラマ,,,6418,名詞,固有名詞,一般,*,*,*,ドラマ,テレビドラマ,テレビドラマ
炭酸飲料,,,7273,名詞,固有名詞,一般,*,*,*,炭酸,タンサンインリョウ,タンサンインリョー
藤子・F・不二雄,,,3978,名詞,固有名詞,人名,一般,*,*,藤子不二雄,フジコエフフジオ,フジコエフフジオ
Gガンダム,,,6418,名詞,固有名詞,一般,*,*,*,ガンダム,ジーガンダム,ジーガンダム
脚本家,,,6647,名詞,固有名詞,人名,一般,*,*,脚本,キャクホンカ,キャクホンカ
柔道部,,,7965,名詞,固有名詞,一般,*,*,*,柔道,ジュウドウブ,ジュードーブ
輪るピングドラム,,,4469,名詞,固有名詞,一般,*,*,*,ピンドラ,マワルピングドラム,マワルピングドラム
弓道部,,,7995,名詞,固有名詞,一般,*,*,*,弓道,キュウドウブ,キュードーブ
恋姫無双,,,7706,名詞,固有名詞,一般,*,*,*,恋姫,コイヒメムソウ,コイヒメムソー
ごめん,,,5726,感動詞,*,*,*,*,*,ごめんね。,ゴメン,ゴメン
考古,,,3552,名詞,一般,*,*,*,*,考古学,コウコ,コーコ
おっぱい星人,,,4972,名詞,固有名詞,一般,*,*,*,おっぱい,オッパイセイジン,オッパイセイジン
らきすた,,,7706,名詞,固有名詞,一般,*,*,*,らき☆すた,ラキスタ,ラキスタ
ちんこ,,,8181,名詞,固有名詞,一般,*,*,*,ちんぽ,チンコ,チンコ
お話し,,,7589,名詞,サ変接続,*,*,*,*,お話,オハナシ,オハナシ
大阪府出身,,,6418,名詞,固有名詞,一般,*,*,*,大阪出身,オオサカフシュッシン,オーサカフシュッシン
思い付き,,,5512,名詞,一般,*,*,*,*,思いつき,オモイツキ,オモイツキ
落書,,,4368,名詞,サ変接続,*,*,*,*,落書き,ラクガキ,ラクガキ
甘えんぼ,,,7706,名詞,固有名詞,一般,*,*,*,甘えん坊,アマエンボ,アマエンボ
姉ちゃん,,,5522,名詞,一般,*,*,*,*,お姉ちゃん,ネエチャン,ネーチャン
バトルスピリッツ,,,2415,名詞,固有名詞,一般,*,*,*,バトスピ,バトルスピリッツ,バトルスピリッツ
ラブライブ!サンシャイン!!,,,5129,名詞,固有名詞,一般,*,*,*,ラブライブ!,ラブライブサンシャイン,ラブライブサンシャイン
私自身,,,6264,名詞,固有名詞,一般,*,*,*,自分自身,ワタシジシン,ワタシジシン
副部長,,,2931,名詞,固有名詞,一般,*,*,*,部長,フクブチョウ,フクブチョー
練習中,,,6490,名詞,固有名詞,一般,*,*,*,練習,レンシュウチュウ,レンシューチュー
ガルパンはいいぞ,,,4469,名詞,固有名詞,一般,*,*,*,ガルパン,ガルパンハイイゾ,ガルパンハイーゾ
ヒカルの碁,,,6418,名詞,固有名詞,一般,*,*,*,ヒカ碁,ヒカルノゴ,ヒカルノゴ
反対派,,,3620,名詞,固有名詞,一般,*,*,*,反対,ハンタイハ,ハンタイハ
2次創作,,,7706,名詞,固有名詞,一般,*,*,*,二次創作,ニジソウサク,ニジソーサク
俳優さん,,,6901,名詞,固有名詞,一般,*,*,*,俳優,ハイユウサン,ハイユーサン
マンキン,,,4986,名詞,一般,*,*,*,*,シャーマンキング,マンキン,マンキン
空中リプライ,,,4383,名詞,固有名詞,一般,*,*,*,空リプ,クウチュウリプライ,クーチューリプライ
真・三國無双,,,4972,名詞,固有名詞,一般,*,*,*,三國無双,シンサンゴクムソウ,シンサンゴクムソー
西武,,,4788,名詞,固有名詞,組織,*,*,*,埼玉西武ライオンズ,セイブ,セイブ
就職活動,,,4719,名詞,固有名詞,一般,*,*,*,就活,シュウショクカツドウ,シューショクカツドー
ダンガンロンパシリーズ,,,-1800,名詞,固有名詞,一般,*,*,*,ダンガンロンパ,ダンガンロンパ,ダンガンロンパ
47都道府県,,,4972,名詞,固有名詞,一般,*,*,*,都道府県,ヨンジュウナナトドウフケン,ヨンジュウナナトドーフケン
ライトノベル,,,2219,名詞,固有名詞,一般,*,*,*,ラノベ,ライトノベル,ライトノベル
プードル,,,3557,名詞,一般,*,*,*,*,トイプードル,プードル,プードル
合唱団,,,4533,名詞,固有名詞,一般,*,*,*,合唱,ガッショウダン,ガッショーダン
きまぐれ,,,7165,名詞,一般,*,*,*,*,気まぐれ,キマグレ,キマグレ
THE IDOLM@STER MILLION LIVE!,,,3401,名詞,固有名詞,一般,*,*,*,THE IDOLM@STER,アイドルマスターミリオンライブ,アイドルマスターミリオンライブ
編物,,,5443,名詞,一般,*,*,*,*,編み物,アミモノ,アミモノ
街づくり,,,6706,名詞,固有名詞,一般,*,*,*,まちづくり,マチヅクリ,マチズクリ
開発中,,,2929,名詞,固有名詞,一般,*,*,*,開発,カイハツチュウ,カイハツチュー
クラッシック,,,3659,名詞,固有名詞,一般,*,*,*,クラシック,クラッシック,クラッシック
スノーボーダー,,,3557,名詞,一般,*,*,*,*,スノボ,スノーボーダー,スノーボーダー
シュミレーション,,,2415,名詞,固有名詞,一般,*,*,*,シミュレーション,シュミレーション,シュミレーション
パフォーマー,,,4593,名詞,固有名詞,一般,*,*,*,パフォーマンス,パフォーマー,パフォーマー
忘備録,,,8181,名詞,固有名詞,一般,*,*,*,備忘録,ボウビロク,ボウビロク
刀剣乱舞,,,6325,名詞,固有名詞,一般,*,*,*,刀剣,トウケンランブ,トーケンランブ
アニメオタク,,,2562,名詞,固有名詞,一般,*,*,*,アニオタ,アニメオタク,アニメオタク
天元突破グレンラガン,,,4507,名詞,固有名詞,一般,*,*,*,グレンラガン,テンゲントッパグレンラガン,テンゲントッパグレンラガン
キヤノン,,,4868,名詞,固有名詞,組織,*,*,*,キャノン,キヤノン,キャノン
中学校,,,2731,名詞,一般,*,*,*,*,中学,チュウガッコウ,チューガッコー
ほぼ日,,,8181,名詞,固有名詞,一般,*,*,*,ほぼ日手帳,ホボニチ,ホボニチ
暮し,,,5343,名詞,一般,*,*,*,*,暮らし,クラシ,クラシ
副会長,,,3974,名詞,固有名詞,人名,一般,*,*,会長,フクカイチョウ,フクカイチョー
クトゥルフ神話,,,4487,名詞,固有名詞,一般,*,*,*,クトゥルフ,クトゥルフシンワ,クトゥルフシンワ
フェミ,,,5461,名詞,固有名詞,一般,*,*,*,フェミニズム,フェミ,フェミ
ペルソナ5,,,6418,名詞,固有名詞,一般,*,*,*,ペルソナ,ペルソナファイブ,ペルソナファイブ
発達障害者,,,6418,名詞,固有名詞,一般,*,*,*,発達障害,ハッタツショウガイシャ,ハッタツショーガイシャ
野球場,,,-51,名詞,固有名詞,一般,*,*,*,球場,ヤキュウジョウ,ヤキュージョー
放射脳,,,8181,名詞,固有名詞,一般,*,*,*,放射能,ホウシャノウ,ホーシャノー
バトルガール,,,2647,名詞,固有名詞,一般,*,*,*,バトルガールハイスクール,バトルガール,バトルガール
日商簿記,,,7706,名詞,固有名詞,一般,*,*,*,簿記,ニッショウボキ,ニッショーボキ
ノスタルジー,,,3557,名詞,一般,*,*,*,*,ノスタルジック,ノスタルジー,ノスタルジー
翻訳者,,,4348,名詞,固有名詞,一般,*,*,*,翻訳,ホンヤクシャ,ホンヤクシャ
好物,,,5304,名詞,一般,*,*,*,*,大好物,コウブツ,コーブツ
贔屓目,,,5522,名詞,一般,*,*,*,*,贔屓,ヒイキメ,ヒイキメ
プログラム,,,2484,名詞,サ変接続,*,*,*,*,プログラミング,プログラム,プログラム
商品情報,,,6326,名詞,固有名詞,一般,*,*,*,商品,ショウヒンジョウホウ,ショーヒンジョウホー
まどか☆マギカ,,,4487,名詞,固有名詞,一般,*,*,*,まどマギ,マドカマギカ,マドカマギカ
猛禽,,,5522,名詞,一般,*,*,*,*,猛禽類,モウキン,モーキン
日本武道館,,,6499,名詞,固有名詞,組織,*,*,*,武道館,ニホンブドウカン,ニホンブドーカン
Hey!Say!,,,4469,名詞,固有名詞,一般,*,*,*,Hey!Say!JUMP,ヘイセイ,ヘイセイ
展開中,,,6485,名詞,固有名詞,一般,*,*,*,展開,テンカイチュウ,テンカイチュー
社会福祉,,,1996,名詞,固有名詞,一般,*,*,*,福祉,シャカイフクシ,シャカイフクシ
咲夜さん,,,7706,名詞,固有名詞,一般,*,*,*,咲夜,サクヤサン,サクヤサン
サモナイ,,,6295,名詞,固有名詞,一般,*,*,*,サモンナイト,サモナイ,サモナイ
討鬼伝2,,,7706,名詞,固有名詞,一般,*,*,*,討鬼伝,トウキデン,トウキデン
主義主張,,,5326,名詞,固有名詞,一般,*,*,*,主張,シュギシュチョウ,シュギシュチョー
遠距離,,,5522,名詞,一般,*,*,*,*,遠距離恋愛,エンキョリ,エンキョリ
慢性的,,,5621,名詞,固有名詞,一般,*,*,*,慢性,マンセイテキ,マンセイテキ
短編集,,,6692,名詞,固有名詞,一般,*,*,*,短編,タンペンシュウ,タンペンシュー
コンピューター,,,3693,名詞,一般,*,*,*,*,コンピュータ,コンピューター,コンピューター
東京メトロ,,,1556,名詞,固有名詞,一般,*,*,*,メトロ,トウキョウメトロ,トーキョーメトロ
ケロロ,,,7151,名詞,固有名詞,人名,一般,*,*,ケロロ軍曹,ケロロ,ケロロ
手数,,,5718,名詞,一般,*,*,*,*,お手数,テスウ,テスー
指導者,,,4707,名詞,固有名詞,一般,*,*,*,指導,シドウシャ,シドーシャ
政治ネタ,,,-12,名詞,固有名詞,一般,*,*,*,政治,セイジネタ,セイジネタ
天文,,,5053,名詞,一般,*,*,*,*,天文学,テンモン,テンモン
講習会,,,4740,名詞,固有名詞,一般,*,*,*,講演,コウシュウカイ,コーシューカイ
新体操,,,5164,名詞,一般,*,*,*,*,体操,シンタイソウ,シンタイソー
三代目J Soul Brothers from EXILE TRIBE,,,-1100,名詞,固有名詞,一般,*,*,*,三代目J Soul Brothers,三代目J Soul Brothers,三代目J Soul Brothers
アフェリエイト,,,3563,名詞,固有名詞,一般,*,*,*,アフィリエイト,アフェリエイト,アフェリエイト
乗物,,,5514,名詞,一般,*,*,*,*,乗り物,ノリモノ,ノリモノ
チャリンコ,,,5503,名詞,固有名詞,一般,*,*,*,チャリ,チャリンコ,チャリンコ
ガンダムUC,,,4972,名詞,固有名詞,一般,*,*,*,ガンダム,ガンダムユニコーン,ガンダムユニコーン
ガンダムSEED,,,4469,名詞,固有名詞,一般,*,*,*,ガンダム,ガンダムシード,ガンダムシード
シモ,,,4452,名詞,固有名詞,一般,*,*,*,シモネタ,シモ,シモ
ジャンヌ・ダルク,,,4459,名詞,固有名詞,人名,名,*,*,ジャンヌ,ジャンヌダルク,ジャンヌダルク
キリスト,,,347,名詞,固有名詞,一般,*,*,*,キリスト教,キリスト,キリスト
エンジョイ,,,4325,名詞,サ変接続,*,*,*,*,エンジョイ勢,エンジョイ,エンジョイ
Mario Kart Wii,,,5129,名詞,固有名詞,一般,*,*,*,マリオカート,マリオカート,マリオカート
Mario Maker,,,4600,名詞,固有名詞,一般,*,*,*,マリオカート,マリオメーカー,マリオメーカー
アフィリア・サーガ,,,1858,名詞,固有名詞,人名,一般,*,*,アフィリア,アフィリアサーガ,アフィリアサーガ
こども,,,3905,名詞,一般,*,*,*,*,子ども,コドモ,コドモ
自己満足,,,4701,名詞,固有名詞,一般,*,*,*,自己満,ジコマンゾク,ジコマンゾク
組合せ,,,5165,名詞,一般,*,*,*,*,組み合わせ,クミアワセ,クミアワセ
バレーボール部,,,2263,名詞,固有名詞,一般,*,*,*,バレー,バレーボールブ,バレーボールブ
バトミントン,,,3557,名詞,一般,*,*,*,*,バドミントン,バトミントン,バトミントン
儲け,,,5417,名詞,一般,*,*,*,*,金儲け,モウケ,モーケ
大手企業,,,5884,名詞,固有名詞,一般,*,*,*,大手,オオテキギョウ,オーテキギョー
鏡音レン,,,627,名詞,固有名詞,一般,*,*,*,鏡音,カガミネレン,カガミネレン
陸上部,,,6075,名詞,固有名詞,一般,*,*,*,陸上,リクジョウブ,リクジョーブ
ネギま!,,,7706,名詞,固有名詞,一般,*,*,*,ネギま,ネギマ,ネギマ
西洋占星術,,,6418,名詞,固有名詞,一般,*,*,*,占星術,セイヨウセンセイジュツ,セイヨーセンセイジュツ
母さん,,,6739,名詞,一般,*,*,*,*,お母さん,カアサン,カーサン
鑑定士,,,6827,名詞,固有名詞,一般,*,*,*,鑑定,カンテイシ,カンテイシ
ギフト券,,,5978,名詞,固有名詞,一般,*,*,*,ギフト,ギフトケン,ギフトケン
誘い,,,5504,名詞,一般,*,*,*,*,お誘い,サソイ,サソイ
総合格闘技,,,4863,名詞,固有名詞,一般,*,*,*,格闘技,ソウゴウカクトウギ,ソーゴーカクトーギ
バラエティー番組,,,292,名詞,固有名詞,一般,*,*,*,バラエティ,バラエティーバングミ,バラエティーバングミ
クラシック音楽,,,534,名詞,固有名詞,一般,*,*,*,クラシック,クラシックオンガク,クラシックオンガク
東中学校,,,5963,名詞,固有名詞,一般,*,*,*,中学,ヒガシチュウガッコウ,ヒガシチュウガッコー
うみねこのなく頃に,,,4809,名詞,固有名詞,一般,*,*,*,うみねこ,ウミネコノナクコロニ,ウミネコノナクコロニ
雑貨屋,,,7403,名詞,固有名詞,一般,*,*,*,雑貨,ザッカヤ,ザッカヤ
フリーゲーム,,,776,名詞,固有名詞,一般,*,*,*,フリゲ,フリーゲーム,フリーゲーム
ベンチャー企業,,,3447,名詞,固有名詞,一般,*,*,*,ベンチャー,ベンチャーキギョウ,ベンチャーキギョー
中古品,,,8181,名詞,固有名詞,一般,*,*,*,中古,チュウコヒン,チューコヒン
進行中,,,5798,名詞,固有名詞,一般,*,*,*,進行,シンコウチュウ,シンコーチュー
ボランティア活動,,,-663,名詞,固有名詞,一般,*,*,*,ボランティア,ボランティアカツドウ,ボランティアカツドー
学アリ,,,8181,名詞,固有名詞,一般,*,*,*,学園アリス,ガクアリ,ガクアリ
ドルオタ,,,6295,名詞,固有名詞,一般,*,*,*,ドルヲタ,ドルオタ,ドルオタ
イナズマイレブン,,,2415,名詞,固有名詞,一般,*,*,*,イナイレ,イナズマイレブン,イナズマイレブン
コメディー,,,3807,名詞,一般,*,*,*,*,コメディ,コメディー,コメディー
日本の文化,,,-629,名詞,固有名詞,一般,*,*,*,日本文化,ニホンノブンカ,ニホンノブンカ
声楽家,,,6635,名詞,固有名詞,一般,*,*,*,声楽,セイガクカ,セイガクカ
あーちゃん,,,6418,名詞,固有名詞,一般,*,*,*,あ~ちゃん,アーチャン,アーチャン
銀河英雄伝説,,,4972,名詞,固有名詞,一般,*,*,*,銀英伝,ギンガエイユウデンセツ,ギンガエイユーデンセツ
ソフトボール部,,,2571,名詞,固有名詞,一般,*,*,*,ソフトボール,ソフトボールブ,ソフトボールブ
アルビレックス,,,3563,名詞,固有名詞,一般,*,*,*,アルビレックス新潟,アルビレックス,アルビレックス
連載開始,,,5531,名詞,サ変接続,*,*,*,*,連載,レンサイカイシ,レンサイカイシ
国家公務員,,,1789,名詞,固有名詞,一般,*,*,*,公務員,コッカコウムイン,コッカコームイン
スキューバ,,,6178,名詞,固有名詞,人名,一般,*,*,スキューバダイビング,スキューバ,スキューバ
フェミニスト,,,3557,名詞,一般,*,*,*,*,フェミニズム,フェミニスト,フェミニスト
オールナイトニッポン0,,,4600,名詞,固有名詞,一般,*,*,*,オールナイトニッポン,オールナイトニッポンゼロ,オールナイトニッポンゼロ
準レギュラー,,,1065,名詞,固有名詞,一般,*,*,*,レギュラー,ジュンレギュラー,ジュンレギュラー
ポケモンカードゲーム,,,-241,名詞,固有名詞,一般,*,*,*,ポケモンカード,ポケモンカードゲーム,ポケモンカードゲーム
万馬券,,,5967,名詞,固有名詞,一般,*,*,*,馬券,マンバケン,マンバケン
ボディー,,,3578,名詞,一般,*,*,*,*,ボディ,ボディー,ボディー
鹿児島ユナイテッドFC,,,4600,名詞,固有名詞,一般,*,*,*,鹿児島ユナイテッド,カゴシマユナイテッドエフシー,カゴシマユナイテッドエフシー
考え方,,,4930,名詞,一般,*,*,*,*,考え,カンガエカタ,カンガエカタ
チェインクロニクル,,,1147,名詞,固有名詞,一般,*,*,*,チェンクロ,チェインクロニクル,チェインクロニクル
ドルヲタ,,,6295,名詞,固有名詞,一般,*,*,*,アイドルオタク,ドルヲタ,ドルオタ
ガンダムW,,,6418,名詞,固有名詞,一般,*,*,*,ガンダム,ガンダムウィング,ガンダムウィング
三線,,,2978,名詞,固有名詞,一般,*,*,*,三味線,サンシン,サンシン
アイドルヲタ,,,4593,名詞,固有名詞,一般,*,*,*,ドルヲタ,アイドルヲタ,アイドルオタ
周辺機器,,,5891,名詞,固有名詞,一般,*,*,*,機器,シュウヘンキキ,シューヘンキキ
よしもと新喜劇,,,4487,名詞,固有名詞,一般,*,*,*,吉本新喜劇,ヨシモトシンキゲキ,ヨシモトシンキゲキ
アーケードゲーム,,,86,名詞,固有名詞,一般,*,*,*,アーケード,アーケードゲーム,アーケードゲーム
ギャグ日,,,3663,名詞,固有名詞,一般,*,*,*,ギャグマンガ日和,ギャグビ,ギャグビ
千葉ロッテ,,,5511,名詞,固有名詞,組織,*,*,*,千葉ロッテマリーンズ,チバロッテ,チバロッテ
セラムン,,,6295,名詞,固有名詞,一般,*,*,*,セーラームーン,セラムン,セラムン
ディバインゲート,,,2415,名詞,固有名詞,一般,*,*,*,ディバゲ,ディバインゲート,ディバインゲート
松竹,,,5843,名詞,固有名詞,組織,*,*,*,松竹座,ショウチク,ショーチク
航空母艦,,,7257,名詞,固有名詞,一般,*,*,*,空母,コウクウボカン,コークーボカン
ヴァニタス,,,5503,名詞,固有名詞,一般,*,*,*,ヴァニタスの手記,ヴァニタス,ヴァニタス
舞鶴鎮守府,,,6418,名詞,固有名詞,一般,*,*,*,鎮守府,マイヅルチンジュフ,マイズルチンジュフ
サブカルチャー,,,1479,名詞,固有名詞,一般,*,*,*,サブカル,サブカルチャー,サブカルチャー
総合病院,,,-2663,名詞,固有名詞,組織,*,*,*,病院,ソウゴウビョウイン,ソーゴービョーイン
インターネットラジオ,,,-1334,名詞,固有名詞,組織,*,*,*,ラジオ,インターネットラジオ,インターネットラジオ
分からん,,,2092,名詞,固有名詞,一般,*,*,*,わからん,ワカラン,ワカラン
おジャ魔女どれみ,,,4469,名詞,固有名詞,一般,*,*,*,おジャ魔女,オジャマジョドレミ,オジャマジョドレミ
転勤族,,,5450,名詞,固有名詞,一般,*,*,*,転勤,テンキンゾク,テンキンゾク
旦那さん,,,6712,名詞,固有名詞,一般,*,*,*,旦那,ダンナサン,ダンナサン
育英,,,4302,名詞,サ変接続,*,*,*,*,仙台育英,イクエイ,イクエイ
ポニテ,,,6969,名詞,固有名詞,一般,*,*,*,ポニーテール,ポニテ,ポニテ
アニヲタ,,,6295,名詞,固有名詞,一般,*,*,*,アニオタ,アニヲタ,アニオタ
東京音大,,,4929,名詞,固有名詞,組織,*,*,*,音大,トウキョウオンダイ,トーキョーオンダイ
小型船舶,,,4992,名詞,固有名詞,一般,*,*,*,船舶,コガタセンパク,コガタセンパク
メイドさん,,,3992,名詞,固有名詞,一般,*,*,*,メイド,メイドサン,メイドサン
体育科,,,7055,名詞,固有名詞,一般,*,*,*,体育,タイイクカ,タイークカ
数珠丸,,,8181,名詞,固有名詞,一般,*,*,*,数珠,ジュズマル,ジュズマル
静止画,,,7151,名詞,固有名詞,一般,*,*,*,静画,セイシガ,セイシガ
ロキノン,,,6295,名詞,固有名詞,一般,*,*,*,ロキノン系,ロキノン,ロキノン
骨董品,,,8181,名詞,固有名詞,一般,*,*,*,骨董,コットウヒン,コットーヒン
ジャニ,,,6969,名詞,固有名詞,一般,*,*,*,ジャニヲタ,ジャニ,ジャニ
町並み,,,5491,名詞,一般,*,*,*,*,街並み,マチナミ,マチナミ
BLゲーム,,,6418,名詞,固有名詞,一般,*,*,*,BLゲー,ビーエルゲーム,ビーエルゲーム
ガンバ,,,5067,名詞,固有名詞,組織,*,*,*,ガンバ大阪,ガンバ,ガンバ
射精管理,,,4676,名詞,固有名詞,一般,*,*,*,射精,シャセイカンリ,シャセイカンリ
純喫茶,,,7089,名詞,固有名詞,一般,*,*,*,喫茶店,ジュンキッサ,ジュンキッサ
物理学,,,6410,名詞,固有名詞,一般,*,*,*,物理,ブツリガク,ブツリガク
気になるニュース,,,3578,名詞,固有名詞,一般,*,*,*,ニュース,キニナルニュース,キニナルニュース
化学科,,,5350,名詞,固有名詞,一般,*,*,*,化学,カガクカ,カガクカ
フクロモモンガ,,,3563,名詞,固有名詞,一般,*,*,*,モモンガ,フクロモモンガ,フクロモモンガ
レイトン教授,,,4972,名詞,固有名詞,一般,*,*,*,レイトン,レイトンキョウジュ,レイトンキョージュ
鍼灸院,,,8181,名詞,固有名詞,一般,*,*,*,鍼灸,シンキュウイン,シンキュウイン
全日本プロレス,,,-160,名詞,固有名詞,組織,*,*,*,プロレス,ゼンニホンプロレス,ゼンニホンプロレス
新日本プロレス,,,2824,名詞,固有名詞,人名,一般,*,*,プロレス,シンニホンプロレス,シンニホンプロレス
活動中,,,5466,名詞,固有名詞,一般,*,*,*,活動,カツドウチュウ,カツドーチュー
コミュニティー,,,3793,名詞,一般,*,*,*,*,コミュニティ,コミュニティー,コミュニティー
サーバ,,,3557,名詞,一般,*,*,*,*,サーバー,サーバ,サーバ
陸上競技部,,,6418,名詞,固有名詞,一般,*,*,*,陸上部,リクジョウキョウギブ,リクジョーキョーギブ
風来のシレン,,,4972,名詞,固有名詞,一般,*,*,*,シレン,フウライノシレン,フウライノシレン
仮面ライダー電王,,,4469,名詞,固有名詞,一般,*,*,*,仮面ライダー,カメンライダーデンオウ,カメンライダーデンオー
性同一性障害,,,4972,名詞,固有名詞,一般,*,*,*,双極性障害,セイドウイツセイショウガイ,セイドーイツセイショーガイ
無頼派,,,8125,名詞,固有名詞,一般,*,*,*,無頼,ブライハ,ブライハ
地理学,,,7021,名詞,固有名詞,一般,*,*,*,地理,チリガク,チリガク
呉鎮守府,,,7706,名詞,固有名詞,一般,*,*,*,鎮守府,クレチンジュフ,クレチンジュフ
数理科学,,,5213,名詞,固有名詞,一般,*,*,*,数理,スウリカガク,スーリカガク
干物妹!うまるちゃん,,,4507,名詞,固有名詞,一般,*,*,*,うまるちゃん,ヒモウトウマルチャン,ヒモウトウマルチャン
チーズケーキ,,,2708,名詞,固有名詞,一般,*,*,*,チーズ,チーズケーキ,チーズケーキ
中国武術,,,4624,名詞,固有名詞,一般,*,*,*,武術,チュウゴクブジュツ,チューゴクブジュツ
ウルトラマンオーブ,,,1147,名詞,固有名詞,一般,*,*,*,ウルトラマン,ウルトラマンオーブ,ウルトラマンオーブ
焼き肉,,,5363,名詞,一般,*,*,*,*,焼肉,ヤキニク,ヤキニク
リムる,,,8181,名詞,固有名詞,一般,*,*,*,リム,リムル,リムル
自然災害,,,5037,名詞,固有名詞,一般,*,*,*,災害,シゼンサイガイ,シゼンサイガイ
据置,,,5522,名詞,一般,*,*,*,*,据え置き,スエオキ,スエオキ
フィルムカメラ,,,1627,名詞,固有名詞,一般,*,*,*,フィルム,フィルムカメラ,フィルムカメラ
災害時,,,8146,名詞,固有名詞,一般,*,*,*,災害,サイガイジ,サイガイジ
選び方,,,5510,名詞,一般,*,*,*,*,選び,エラビカタ,エラビカタ
Dragon's Dogma Online,,,3842,名詞,固有名詞,一般,*,*,*,Dragon's Dogma,ドラゴンズドグマオンライン,ドラゴンズドグマオンライン
週刊少年ジャンプ,,,-2221,名詞,固有名詞,人名,一般,*,*,ジャンプ,シュウカンショウネンジャンプ,シューカンショーネンジャンプ
日曜定休,,,6971,名詞,固有名詞,一般,*,*,*,定休,ニチヨウテイキュウ,ニチヨーテイキュー
ペルソナ4,,,6418,名詞,固有名詞,一般,*,*,*,ペルソナ,ペルソナフォー,ペルソナフォー
横浜F,,,8181,名詞,固有名詞,一般,*,*,*,横浜FC,ヨコハマエフ,ヨコハマエフ
マクロス7,,,6418,名詞,固有名詞,一般,*,*,*,マクロスF,マクロスセブン,マクロスセブン
出合い系,,,5532,名詞,固有名詞,一般,*,*,*,出会い系,デアイケイ,デアイケイ
吹奏楽部,,,7301,名詞,固有名詞,一般,*,*,*,吹奏楽,スイソウガクブ,スイソーガクブ
腐女,,,8042,名詞,固有名詞,一般,*,*,*,腐女子,フジョ,フジョ
炭酸水,,,8181,名詞,固有名詞,一般,*,*,*,炭酸,タンサンスイ,タンサンスイ
ハヤテのごとく!,,,4469,名詞,固有名詞,一般,*,*,*,ハヤテのごとく,ハヤテノゴトク,ハヤテノゴトク
宇宙戦隊キュウレンジャー,,,4043,名詞,固有名詞,一般,*,*,*,キュウレンジャー,ウチュウセンタイキュウレンジャー,ウチューセンタイキュウレンジャー
テイルズシリーズ,,,2415,名詞,固有名詞,一般,*,*,*,テイルズ,テイルズシリーズ,テイルズシリーズ
スマブラfor,,,4487,名詞,固有名詞,一般,*,*,*,スマブラ,スマブラフォー,スマブラフォー
メールマガジン,,,2169,名詞,固有名詞,一般,*,*,*,メルマガ,メールマガジン,メールマガジン
発売中,,,6192,名詞,固有名詞,一般,*,*,*,発売,ハツバイチュウ,ハツバイチュー
スター・ウォーズ,,,2415,名詞,固有名詞,一般,*,*,*,スターウォーズ,スターウォーズ,スターウォーズ
早苗さん,,,5459,名詞,固有名詞,一般,*,*,*,早苗,サナエサン,サナエサン
タイガース,,,5067,名詞,固有名詞,組織,*,*,*,阪神タイガース,タイガース,タイガース
リョナラー,,,5503,名詞,固有名詞,一般,*,*,*,リョナ,リョナラー,リョナラー
ハロオタ,,,6295,名詞,固有名詞,一般,*,*,*,ハロヲタ,ハロオタ,ハロオタ
球児,,,5485,名詞,一般,*,*,*,*,高校野球,キュウジ,キュージ
小遣い,,,5017,名詞,一般,*,*,*,*,お小遣い,コヅカイ,コズカイ
アイカツスターズ!,,,4809,名詞,固有名詞,一般,*,*,*,アイカツ!,アイカツスターズ,アイカツスターズ
うる星,,,8181,名詞,固有名詞,一般,*,*,*,うる星やつら,ウルボシ,ウルボシ
擬人,,,5522,名詞,一般,*,*,*,*,擬人化,ギジン,ギジン
著名人,,,6796,名詞,固有名詞,一般,*,*,*,有名人,チョメイジン,チョメイジン
工業高校,,,-1391,名詞,固有名詞,一般,*,*,*,工業,コウギョウコウコウ,コーギョーコウコー
菜園,,,5485,名詞,一般,*,*,*,*,家庭菜園,サイエン,サイエン
声優さん,,,6703,名詞,固有名詞,一般,*,*,*,声優,セイユウサン,セイユーサン
RPGツクールMV,,,4809,名詞,固有名詞,一般,*,*,*,RPGツクール,アールピージーツクールエムブイ,アールピージーツクールエムブイ
MOTHER2,,,4487,名詞,固有名詞,一般,*,*,*,MOTHERシリーズ,マザーツー,マザーツー
ゼル伝,,,8181,名詞,固有名詞,一般,*,*,*,ゼルダ,ゼルデン,ゼルデン
仮面浪人,,,6442,名詞,固有名詞,一般,*,*,*,浪人,カメンロウニン,カメンローニン
幽遊白書,,,7706,名詞,固有名詞,一般,*,*,*,幽白,ユウユウハクショ,ユウユウハクショ
To LOVEる,,,4469,名詞,固有名詞,一般,*,*,*,ToLOVEる,トラブル,トラブル
名言集,,,8181,名詞,固有名詞,一般,*,*,*,名言,メイゲンシュウ,メイゲンシュー
マネージメント,,,3557,名詞,一般,*,*,*,*,マネジメント,マネージメント,マネージメント
アフィリエイター,,,2415,名詞,固有名詞,一般,*,*,*,アフィリエイト,アフィリエイター,アフィリエイター
片想い,,,5515,名詞,一般,*,*,*,*,片思い,カタオモイ,カタオモイ
Follow me,,,4809,名詞,固有名詞,一般,*,*,*,Follow Me,フォローミー,フォローミー
魔法少女リリカルなのは,,,4600,名詞,固有名詞,一般,*,*,*,リリカルなのは,マホウショウジョリリカルナノハ,マホーショージョリリカルナノハ
生誕,,,3566,名詞,サ変接続,*,*,*,*,生誕祭,セイタン,セイタン
未成年者,,,4460,名詞,固有名詞,一般,*,*,*,未成年,ミセイネンシャ,ミセイネンシャ
バクマン。,,,2154,名詞,固有名詞,一般,*,*,*,バクマン,バクマン,バクマン
音楽大学,,,4928,名詞,固有名詞,組織,*,*,*,音大,オンガクダイガク,オンガクダイガク
不動産業,,,4869,名詞,固有名詞,一般,*,*,*,不動産,フドウサンギョウ,フドーサンギョー
パーティ,,,4327,名詞,サ変接続,*,*,*,*,パーティー,パーティ,パーティ
スーパー戦隊シリーズ,,,-29,名詞,固有名詞,一般,*,*,*,戦隊シリーズ,スーパーセンタイシリーズ,スーパーセンタイシリーズ
らんま1/2,,,4972,名詞,固有名詞,一般,*,*,*,らんま,ランマニブンノイチ,ランマニブンノイチ
ポイントサイト,,,496,名詞,固有名詞,一般,*,*,*,ポイント,ポイントサイト,ポイントサイト
ガンダムOO,,,4972,名詞,固有名詞,一般,*,*,*,ガンダム,ガンダムダブルオー,ガンダムダブルオー
ガンダムW,,,6418,名詞,固有名詞,一般,*,*,*,ガンダム,ガンダムウィング,ガンダムウィング
楽曲制作,,,5887,名詞,固有名詞,一般,*,*,*,音楽制作,ガッキョクセイサク,ガッキョクセイサク
クオーター,,,3635,名詞,一般,*,*,*,*,クォーター,クオーター,クオーター
逆転裁判,,,6850,名詞,固有名詞,一般,*,*,*,逆裁,ギャクテンサイバン,ギャクテンサイバン
オバンギャ,,,5503,名詞,固有名詞,一般,*,*,*,バンギャ,オバンギャ,オバンギャ
求人募集,,,5628,名詞,固有名詞,一般,*,*,*,求人,キュウジンボシュウ,キュージンボシュー
ミリヲタ,,,6295,名詞,固有名詞,一般,*,*,*,ミリオタ,ミリヲタ,ミリオタ
けいおん!!,,,4972,名詞,固有名詞,一般,*,*,*,けいおん,ケイオン,ケイオン
プチプラコスメ,,,3563,名詞,固有名詞,一般,*,*,*,プチプラ,プチプラコスメ,プチプラコスメ
ポケットモンスター,,,-2100,名詞,固有名詞,一般,*,*,*,ポケモン,ポケットモンスター,ポケットモンスター
#ポケモン_サン・ムーン,,,4043,名詞,固有名詞,一般,*,*,*,ポケットモンスター サン・ムーン,ポケモンサンムーン,ポケモンサンムーン
ハイ☆スピード!,,,4469,名詞,固有名詞,一般,*,*,*,ハイスピード,ハイスピード,ハイスピード
日本海軍,,,1567,名詞,固有名詞,一般,*,*,*,海軍,ニッポンカイグン,ニッポンカイグン
金融機関,,,2957,名詞,固有名詞,組織,*,*,*,金融,キンユウキカン,キンユーキカン
観光スポット,,,2787,名詞,固有名詞,一般,*,*,*,スポット,カンコウスポット,カンコースポット
風景写真,,,4879,名詞,固有名詞,一般,*,*,*,風景,フウケイシャシン,フーケイシャシン
北海道日本ハム,,,-459,名詞,固有名詞,一般,*,*,*,日ハム,ホッカイドウニッポンハム,ホッカイドーニッポンハム
少女革命ウテナ,,,4487,名詞,固有名詞,一般,*,*,*,ウテナ,ショウジョカクメイウテナ,ショージョカクメイウテナ
愛佳,,,8281,名詞,固有名詞,人名,名,*,*,志田愛佳,アイカ,アイカ
法政二,,,6937,名詞,固有名詞,一般,*,*,*,法政,ホウセイニ,ホーセイニ
ポケモンムーン,,,3563,名詞,固有名詞,一般,*,*,*,ポケットモンスター サン・ムーン,ポケモンムーン,ポケモンムーン
武装神姫,,,7706,名詞,固有名詞,一般,*,*,*,神姫,ブソウシンキ,ブソーシンキ
セキセイインコ,,,3557,名詞,一般,*,*,*,*,インコ,セキセイインコ,セキセイインコ
居合,,,5522,名詞,一般,*,*,*,*,合気道,イアイ,イアイ
運転免許,,,-339,名詞,固有名詞,一般,*,*,*,免許,ウンテンメンキョ,ウンテンメンキョ
マリーンズファン,,,2415,名詞,固有名詞,一般,*,*,*,千葉ロッテマリーンズ,マリーンズファン,マリーンズファン
日本舞踊,,,3110,名詞,固有名詞,一般,*,*,*,舞踊,ニホンブヨウ,ニホンブヨー
理事長,,,7151,名詞,固有名詞,人名,一般,*,*,理事,センシャドウレンメイノリジチョウ,センシャドウレンメイノリジチョー
通貨,,,5510,名詞,一般,*,*,*,*,暗号通貨,ツウカ,ツーカ
展示会,,,4861,名詞,固有名詞,一般,*,*,*,展示,テンジカイ,テンジカイ
ミリオンライブ!,,,4469,名詞,固有名詞,一般,*,*,*,ミリオン,ミリオンライブ,ミリオンライブ
横アリ,,,6511,名詞,固有名詞,一般,*,*,*,横浜アリーナ,ヨコアリ,ヨコアリ
金剛型,,,-5084,名詞,固有名詞,一般,*,*,*,金剛,コンゴウガタ,コンゴーガタ
開催中,,,6480,名詞,固有名詞,一般,*,*,*,開催,カイサイチュウ,カイサイチュー
キャラデザイン,,,929,名詞,固有名詞,一般,*,*,*,キャラクターデザイン,キャラデザイン,キャラデザイン
軽音楽,,,5522,名詞,一般,*,*,*,*,軽音,ケイオンガク,ケイオンガク
神経症,,,5522,名詞,一般,*,*,*,*,神経,シンケイショウ,シンケイショー
誹謗,,,4367,名詞,サ変接続,*,*,*,*,誹謗中傷,ヒボウ,ヒボー
出版社,,,3929,名詞,固有名詞,一般,*,*,*,出版,シュッパンシャ,シュッパンシャ
全国各地,,,5219,名詞,固有名詞,一般,*,*,*,各地,ゼンコクカクチ,ゼンコクカクチ
有機化学,,,7250,名詞,固有名詞,一般,*,*,*,化学,ユウキカガク,ユーキカガク
キャラデザ,,,5503,名詞,固有名詞,一般,*,*,*,キャラクターデザイン,キャラデザ,キャラデザ
幼馴染み,,,5522,名詞,一般,*,*,*,*,幼馴染,オサナナジミ,オサナナジミ
ヨシヒコ,,,6295,名詞,固有名詞,一般,*,*,*,勇者ヨシヒコ,ヨシヒコ,ヨシヒコ
司令官,,,6997,名詞,固有名詞,一般,*,*,*,司令,シレイカン,シレイカン
おちんちん,,,6418,名詞,固有名詞,一般,*,*,*,ちんちん,オチンチン,オチンチン
大会出場,,,-895,名詞,固有名詞,一般,*,*,*,出場,タイカイシュツジョウ,タイカイシュツジョー
中二病,,,8181,名詞,固有名詞,一般,*,*,*,厨二病,チュウニビョウ,チューニビョー
特別支援学校,,,3787,名詞,固有名詞,一般,*,*,*,特別支援教育,トクベツシエンガッコウ,トクベツシエンガッコー
ご注文はうさぎですか,,,4507,名詞,固有名詞,一般,*,*,*,ご注文はうさぎですか?,ゴチュウモンハウサギデスカ,ゴチューモンハウサギデスカ
郵便局,,,3845,名詞,固有名詞,一般,*,*,*,郵便,ユウビンキョク,ユービンキョク
アカメが斬る,,,1017,名詞,固有名詞,一般,*,*,*,アカメ,アカメガキル,アカメガキル
懸賞応募,,,6362,名詞,固有名詞,一般,*,*,*,懸賞,ケンショウオウボ,ケンショーオーボ
プリティーリズム,,,2415,名詞,固有名詞,一般,*,*,*,プリリズ,プリティーリズム,プリティーリズム
高坂穂乃果,,,6178,名詞,固有名詞,人名,一般,*,*,穂乃果,コウサカホノカ,コーサカホノカ
躁うつ病,,,7706,名詞,固有名詞,一般,*,*,*,うつ病,ソウウツビョウ,ソウウツビョー
星野源のオールナイトニッポン,,,-10166,名詞,固有名詞,一般,*,*,*,オールナイトニッポン,ホシノゲンノオールナイトニッポン,ホシノゲンノオールナイトニッポン
ニコニコ,,,1724,副詞,助詞類接続,*,*,*,*,ニコニコ動画,ニコニコ,ニコニコ
レミゼ,,,6969,名詞,固有名詞,一般,*,*,*,レ・ミゼラブル,レミゼ,レミゼ
軟式野球部,,,4508,名詞,固有名詞,一般,*,*,*,軟式野球,ナンシキヤキュウブ,ナンシキヤキューブ
METAL GEAR SOLID,,,3663,名詞,固有名詞,一般,*,*,*,METAL GEAR,メタルギアソリッド,メタルギアソリッド
画像編集,,,5375,名詞,固有名詞,一般,*,*,*,動画編集,ガゾウヘンシュウ,ガゾーヘンシュー
浦和サポ,,,7706,名詞,固有名詞,一般,*,*,*,浦和,ウラワサポ,ウラワサポ
脱出ゲーム,,,4313,名詞,固有名詞,一般,*,*,*,リアル脱出ゲーム,ダッシュツゲーム,ダッシュツゲーム
バンブラ,,,4101,名詞,固有名詞,一般,*,*,*,バンブラP,バンブラ,バンブラ
生命保険,,,7706,名詞,固有名詞,一般,*,*,*,保険,セイメイホケン,セイメイホケン
講演会,,,4861,名詞,固有名詞,一般,*,*,*,講演,コウエンカイ,コーエンカイ
偏頭痛,,,5522,名詞,一般,*,*,*,*,頭痛,ヘンズツウ,ヘンズツー
お刺身,,,6554,名詞,固有名詞,一般,*,*,*,刺身,オサシミ,オサシミ
グラフィックデザイン,,,-2945,名詞,固有名詞,一般,*,*,*,グラフィックデザイナー,グラフィックデザイン,グラフィックデザイン
払い,,,5643,動詞,自立,*,*,五段・ワ行促音便,連用形,日払い,ハライ,ハライ
ライオンズ,,,5043,名詞,固有名詞,組織,*,*,*,埼玉西武ライオンズ,ライオンズ,ライオンズ
お絵かき,,,5881,名詞,固有名詞,一般,*,*,*,お絵書き,オエカキ,オエカキ
三月のライオン,,,-1113,名詞,固有名詞,一般,*,*,*,3月のライオン,サンガツノライオン,サンガツノライオン
らじらー!,,,6418,名詞,固有名詞,一般,*,*,*,らじらー,ラジラー,ラジラー
女体,,,5523,名詞,一般,*,*,*,*,女体化,ニョタイ,ニョタイ
CHRONO CROSS,,,4043,名詞,固有名詞,一般,*,*,*,CHRONO TRIGGER,クロノクロス,クロノクロス
三菱UFJ,,,6418,名詞,固有名詞,一般,*,*,*,三菱東京UFJ,ミツビシユーエフジェイ,ミツビシユーエフジェイ
オオクワガタ,,,3555,名詞,一般,*,*,*,*,クワガタ,オオクワガタ,オークワガタ
二セコイ,,,7561,名詞,固有名詞,一般,*,*,*,ニセコイ,ニセコイ,ニセコイ
ロッテファン,,,2883,名詞,固有名詞,一般,*,*,*,千葉ロッテマリーンズ,ロッテファン,ロッテファン
児童虐待,,,6563,名詞,固有名詞,一般,*,*,*,虐待,ジドウギャクタイ,ジドーギャクタイ
メロコア,,,6295,名詞,固有名詞,一般,*,*,*,メタルコア,メロコア,メロコア
新喜劇,,,6203,名詞,固有名詞,一般,*,*,*,吉本新喜劇,シンキゲキ,シンキゲキ
ミステリー,,,3537,名詞,一般,*,*,*,*,ミステリ,ミステリー,ミステリー
キョウリュウジャー,,,-536,名詞,固有名詞,一般,*,*,*,キュウレンジャー,キョウリュウジャー,キョーリュージャー
外野席,,,5520,名詞,一般,*,*,*,*,外野,ガイヤセキ,ガイヤセキ
格闘ゲーム,,,4613,名詞,固有名詞,一般,*,*,*,格ゲー,カクトウゲーム,カクトーゲーム
情報科,,,6163,名詞,固有名詞,組織,*,*,*,情報科学,ジョウホウカ,ジョーホーカ
実施中,,,6438,名詞,固有名詞,一般,*,*,*,実施,ジッシチュウ,ジッシチュー
響け!ユーフォニアム,,,4507,名詞,固有名詞,一般,*,*,*,ユーフォ,ヒビケユーフォニアム,ヒビケユーフォニアム
中二病でも恋がしたい!,,,4600,名詞,固有名詞,一般,*,*,*,中二病でも恋がしたい,チュウニビョウデモコイガシタイ,チューニビョーデモコイガシタイ
うしおととら,,,4972,名詞,固有名詞,一般,*,*,*,うしとら,ウシオトトラ,ウシオトトラ
お絵書き,,,7300,名詞,サ変接続,*,*,*,*,お絵描き,オエカキ,オエカキ
メロデス,,,6295,名詞,固有名詞,一般,*,*,*,メロスピ,メロデス,メロデス
ヘビメタ,,,4085,名詞,固有名詞,一般,*,*,*,メタル,ヘビメタ,ヘビメタ
戦国無双,,,7706,名詞,固有名詞,一般,*,*,*,無双,センゴクムソウ,センゴクムソー
飲食,,,4319,名詞,サ変接続,*,*,*,*,飲食店,インショク,インショク
Pokemon!,,,4469,名詞,固有名詞,一般,*,*,*,ポケモン,ポケモン,ポケモン
ソフトウェア開発,,,-3187,名詞,固有名詞,一般,*,*,*,ソフトウェア,ソフトウェアカイハツ,ソフトーェアカイハツ
新日本,,,6624,名詞,一般,*,*,*,*,新日,シンニホン,シンニホン
日本の歴史,,,-1547,名詞,固有名詞,一般,*,*,*,日本の文化,ニッポンノレキシ,ニッポンノレキシ
殿堂,,,5513,名詞,一般,*,*,*,*,殿堂入り,デンドウ,デンドー
小烏丸,,,8181,名詞,固有名詞,一般,*,*,*,小狐丸,コガラスマル,コガラスマル
裕翔,,,8281,名詞,固有名詞,人名,名,*,*,中島裕翔,ヒロト,ヒロト
ゆーきゃん,,,6418,名詞,固有名詞,一般,*,*,*,ゆうきゃん,ユーキャン,ユーキャン
るろうに剣心,,,4972,名詞,固有名詞,一般,*,*,*,るろ剣,ルロウニケンシン,ルローニケンシン
ジャニオタ,,,5503,名詞,固有名詞,一般,*,*,*,ジャニヲタ,ジャニオタ,ジャニオタ
古書店,,,6612,名詞,固有名詞,一般,*,*,*,古本屋,コショテン,コショテン
古書,,,4618,名詞,一般,*,*,*,*,古本,コショ,コショ
ウィズ,,,2545,名詞,一般,*,*,*,*,黒ウィズ,ウィズ,ウィズ
国防軍,,,4800,名詞,固有名詞,一般,*,*,*,国防,コクボウグン,コクボーグン
ときメモ,,,7706,名詞,固有名詞,一般,*,*,*,ときメモGS,トキメモ,トキメモ
博麗霊夢,,,7706,名詞,固有名詞,一般,*,*,*,霊夢,ハクレイレイム,ハクレイレイム
準優勝,,,1937,名詞,固有名詞,一般,*,*,*,優勝,ジュンユウショウ,ジュンユウショー
大和守安定,,,2337,名詞,固有名詞,一般,*,*,*,和泉守兼定,ヤマトノカミヤスサダ,ヤマトノカミヤスサダ
ミニオンズ,,,5503,名詞,固有名詞,一般,*,*,*,ミニオン,ミニオンズ,ミニオンズ
京王線,,,4399,名詞,固有名詞,一般,*,*,*,京王,ケイオウセン,ケイオーセン
金色のコルダ,,,4972,名詞,固有名詞,一般,*,*,*,コルダ,キンイロノコルダ,キンイロノコルダ
エロゲー,,,6295,名詞,固有名詞,一般,*,*,*,エロゲ,エロゲー,エロゲー
ペルソナシリーズ,,,2415,名詞,固有名詞,一般,*,*,*,ペルソナ,ペルソナシリーズ,ペルソナシリーズ
バラエティ番組,,,4487,名詞,固有名詞,一般,*,*,*,バラエティ,バラエティバングミ,バラエティバングミ
風俗店,,,5731,名詞,固有名詞,一般,*,*,*,風俗,フウゾクテン,フーゾクテン
ネオロマンス,,,2857,名詞,固有名詞,一般,*,*,*,ネオロマ,ネオロマンス,ネオロマンス
インターネットビジネス,,,-5284,名詞,固有名詞,一般,*,*,*,ネットビジネス,インターネットビジネス,インターネットビジネス
手伝い,,,4600,名詞,一般,*,*,*,*,お手伝い,テツダイ,テツダイ
塩・胡椒,,,3971,名詞,固有名詞,一般,*,*,*,胡椒,シオコショウ,シオコショー
アルスラーン,,,4593,名詞,固有名詞,一般,*,*,*,アルスラーン戦記,アルスラーン,アルスラーン
活字中毒,,,5132,名詞,固有名詞,一般,*,*,*,活字,カツジチュウドク,カツジチュードク
一眼,,,5017,名詞,一般,*,*,*,*,一眼レフ,イチガン,イチガン
作編曲,,,8181,名詞,固有名詞,一般,*,*,*,作曲,サクヘンキョク,サクヘンキョク
ヴァイオリン,,,3557,名詞,一般,*,*,*,*,バイオリン,ヴァイオリン,バイオリン
レアルマドリー,,,3563,名詞,固有名詞,一般,*,*,*,レアル・マドリード,レアルマドリー,レアルマドリー
シンセ,,,5935,名詞,固有名詞,一般,*,*,*,シンセサイザー,シンセ,シンセ
震災後,,,6322,名詞,固有名詞,一般,*,*,*,震災,シンサイゴ,シンサイゴ
手マン,,,7738,名詞,固有名詞,一般,*,*,*,マンコ,テマン,テマン
津軽三味線,,,5490,名詞,固有名詞,一般,*,*,*,三味線,ツガルシャミセン,ツガルシャミセン
無双,,,5522,名詞,一般,*,*,*,*,三國無双,ムソウ,ムソー
編集部,,,7001,名詞,固有名詞,人名,一般,*,*,編集,ヘンシュウブ,ヘンシューブ
ひぐらしのなく頃に,,,4809,名詞,固有名詞,一般,*,*,*,ひぐらし,ヒグラシノナクコロニ,ヒグラシノナクコロニ
一眼レフカメラ,,,4487,名詞,固有名詞,一般,*,*,*,一眼レフ,イチガンレフカメラ,イチガンレフカメラ
朝焼け,,,5522,名詞,一般,*,*,*,*,夕焼け,アサヤケ,アサヤケ
共産党,,,5372,名詞,固有名詞,組織,*,*,*,日本共産党,キョウサントウ,キョーサントー
山里亮太の不毛な議論,,,-3558,名詞,固有名詞,一般,*,*,*,不毛な議論,ヤマサトリョウタノフモウナギロン,ヤマサトリョータノフモーナギロン
安保法案,,,7135,名詞,固有名詞,一般,*,*,*,安保,アンポホウアン,アンポホーアン
南中学校,,,3804,名詞,固有名詞,一般,*,*,*,南中,ミナミチュウガッコウ,ミナミチュウガッコー
テイルズオブシリーズ,,,-241,名詞,固有名詞,一般,*,*,*,テイルズ,テイルズオブシリーズ,テイルズオブシリーズ
あんさんぶるスターズ,,,4507,名詞,固有名詞,一般,*,*,*,あんさんぶるスターズ!,アンサンブルスターズ,アンサンブルスターズ
吹替え,,,4364,名詞,サ変接続,*,*,*,*,吹き替え,フキカエ,フキカエ
印刷物,,,5522,名詞,一般,*,*,*,*,印刷,インサツブツ,インサツブツ
F・マリノス,,,4972,名詞,固有名詞,一般,*,*,*,マリノス,エフマリノス,エフマリノス
三國志,,,8181,名詞,固有名詞,一般,*,*,*,三国志,サンゴクシ,サンゴクシ
レスラー,,,3581,名詞,一般,*,*,*,*,プロレスラー,レスラー,レスラー
ねんどろいど,,,4972,名詞,固有名詞,一般,*,*,*,ねんど。,ネンドロイド,ネンドロイド
一口,,,4782,名詞,一般,*,*,*,*,一口馬主,ヒトクチ,ヒトクチ
蒼穹のファフナー,,,4469,名詞,固有名詞,一般,*,*,*,ファフナー,ソウキュウノファフナー,ソーキューノファフナー
宝塚歌劇,,,5918,名詞,固有名詞,組織,*,*,*,宝塚,タカラヅカカゲキ,タカラズカカゲキ
馬主,,,5522,名詞,一般,*,*,*,*,一口馬主,バシュ,バシュ
日本ハム,,,1276,名詞,固有名詞,組織,*,*,*,日ハム,ニホンハム,ニホンハム
糖質,,,8042,名詞,固有名詞,一般,*,*,*,糖質制限,トウシツ,トーシツ
大震災,,,5918,名詞,一般,*,*,*,*,震災,ダイシンサイ,ダイシンサイ
聖剣伝説,,,7706,名詞,固有名詞,一般,*,*,*,聖剣,セイケンデンセツ,セイケンデンセツ
タロット占い,,,4972,名詞,固有名詞,一般,*,*,*,タロット,タロットウラナイ,タロットウラナイ
ミラーレス一眼,,,4364,名詞,固有名詞,一般,*,*,*,カメラ,ミラーレスイチガン,ミラーレスイチガン
きんいろモザイク,,,4469,名詞,固有名詞,一般,*,*,*,きんモザ,キンイロモザイク,キンイロモザイク
よつばと,,,7706,名詞,固有名詞,一般,*,*,*,よつばと!,ヨツバト,ヨツバト
マクロスΔ,,,5712,名詞,固有名詞,一般,*,*,*,マクロスF,マクロスデルタ,マクロスデルタ
禁書目録,,,7568,名詞,固有名詞,一般,*,*,*,禁書,インデックス,インデックス
横須賀鎮守府,,,4972,名詞,固有名詞,一般,*,*,*,鎮守府,ヨコスカチンジュフ,ヨコスカチンジュフ
委託販売,,,5786,名詞,固有名詞,一般,*,*,*,委託,イタクハンバイ,イタクハンバイ
伝統文化,,,4947,名詞,固有名詞,一般,*,*,*,伝統,デントウブンカ,デントーブンカ
ビジュアル系,,,4088,名詞,固有名詞,一般,*,*,*,ヴィジュアル系,ビジュアルケイ,ビジュアルケイ
京セラドーム,,,4972,名詞,固有名詞,一般,*,*,*,京セラ,キョウセラドーム,キョーセラドーム
海水魚,,,6828,名詞,固有名詞,一般,*,*,*,淡水魚,カイスイギョ,カイスイギョ
期間中,,,5099,名詞,固有名詞,一般,*,*,*,期間,キカンチュウ,キカンチュー
囚われのパルマ,,,4487,名詞,固有名詞,一般,*,*,*,パルマ,トラワレノパルマ,トラワレノパルマ
英単語,,,5516,名詞,一般,*,*,*,*,英語,エイタンゴ,エイタンゴ
面白味,,,5522,名詞,一般,*,*,*,*,面白,オモシロミ,オモシロミ
浪人生,,,6687,名詞,固有名詞,一般,*,*,*,浪人,ロウニンセイ,ローニンセイ
デイトレーダー,,,3563,名詞,固有名詞,一般,*,*,*,トレーダー,デイトレーダー,デイトレーダー
学戦都市アスタリスク,,,4507,名詞,固有名詞,一般,*,*,*,アスタリスク,ガクセントシアスタリスク,ガクセントシアスタリスク
でんぱ組.inc,,,3978,名詞,固有名詞,人名,一般,*,*,でんぱ組,デンパグミインク,デンパグミインク
あなたへ,,,2013,名詞,固有名詞,一般,*,*,*,あなたに,アナタヘ,アナタヘ
アイデア,,,3529,名詞,一般,*,*,*,*,アイディア,アイデア,アイデア
モタスポ,,,6295,名詞,固有名詞,一般,*,*,*,モータースポーツ,モタスポ,モタスポ
バンギャル,,,3255,名詞,固有名詞,一般,*,*,*,バンギャ,バンギャル,バンギャル
そらのおとしもの,,,4469,名詞,固有名詞,一般,*,*,*,そらおと,ソラノオトシモノ,ソラノオトシモノ
時事,,,5230,名詞,一般,*,*,*,*,時事ネタ,ジジ,ジジ
ギャルゲ,,,6295,名詞,固有名詞,一般,*,*,*,ギャルゲー,ギャルゲ,ギャルゲ
オーガナイズ,,,4593,名詞,固有名詞,一般,*,*,*,オーガナイザー,オーガナイズ,オーガナイズ
対人恐怖症,,,6418,名詞,固有名詞,一般,*,*,*,恐怖,タイジンキョウフショウ,タイジンキョウフショー
アルディージャ,,,3563,名詞,固有名詞,一般,*,*,*,大宮アルディージャ,アルディージャ,アルディージャ
サバゲ,,,6969,名詞,固有名詞,一般,*,*,*,サバゲー,サバゲ,サバゲ
資産運用,,,5425,名詞,固有名詞,一般,*,*,*,資産,シサンウンヨウ,シサンウンヨー
出産予定,,,5298,名詞,固有名詞,一般,*,*,*,出産,シュッサンヨテイ,シュッサンヨテイ
美容院,,,4252,名詞,固有名詞,一般,*,*,*,美容室,ビヨウイン,ビヨーイン
ベイブレードバースト,,,-241,名詞,固有名詞,一般,*,*,*,ベイブレード,ベイブレードバースト,ベイブレードバースト
修士課程,,,7706,名詞,固有名詞,一般,*,*,*,修士,シュウシカテイ,シューシカテイ
真・女神転生,,,4972,名詞,固有名詞,一般,*,*,*,女神転生,シンメガミテンセイ,シンメガミテンセイ
偏向報道,,,5583,名詞,固有名詞,一般,*,*,*,報道,ヘンコウホウドウ,ヘンコーホウドー
定期演奏会,,,6418,名詞,固有名詞,一般,*,*,*,演奏,テイキエンソウカイ,テイキエンソーカイ
板金,,,4613,名詞,一般,*,*,*,*,板金塗装,バンキン,バンキン
管弦,,,5529,名詞,一般,*,*,*,*,管弦楽,カンゲン,カンゲン
日本テレビ,,,2262,名詞,固有名詞,組織,*,*,*,日テレ,ニホンテレビ,ニホンテレビ
パーナさん,,,6418,名詞,固有名詞,一般,*,*,*,パーナ,パーナサン,パーナサン
文化人類学,,,6418,名詞,固有名詞,一般,*,*,*,人類学,ブンカジンルイガク,ブンカジンルイガク
編曲家,,,5763,名詞,固有名詞,人名,一般,*,*,編曲,ヘンキョクカ,ヘンキョクカ
12球団,,,7706,名詞,固有名詞,一般,*,*,*,球団,ジュウニキュウダン,ジュウニキューダン
神宮球場,,,7575,名詞,固有名詞,一般,*,*,*,球場,ジングウキュウジョウ,ジングーキュージョー
スーパーカブ50,,,4469,名詞,固有名詞,一般,*,*,*,スーパーカブ,スーパーカブゴジュウ,スーパーカブゴジュー
管弦楽団,,,4939,名詞,固有名詞,一般,*,*,*,管弦楽,カンゲンガクダン,カンゲンガクダン
メロディー,,,3548,名詞,一般,*,*,*,*,メロディ,メロディー,メロディー
経営コンサルタント,,,-706,名詞,固有名詞,組織,*,*,*,コンサル,ケイエイコンサルタント,ケイエイコンサルタント
スワローズ,,,6178,名詞,固有名詞,人名,一般,*,*,東京ヤクルトスワローズ,スワローズ,スワローズ
自営,,,3966,名詞,サ変接続,*,*,*,*,自営業,ジエイ,ジエイ
疾患,,,5522,名詞,一般,*,*,*,*,精神,シッカン,シッカン
ガブリエル,,,6178,名詞,固有名詞,人名,一般,*,*,ウリエル,ガブリエル,ガブリエル
ドラゴンズ,,,-90,名詞,固有名詞,一般,*,*,*,中日ドラゴンズ,チュウニチドラゴンズ,チュウニチドラゴンズ
情報セキュリティ,,,1759,名詞,固有名詞,一般,*,*,*,セキュリティ,ジョウホウセキュリティ,ジョーホーセキュリティ
冴えない彼女の育て方,,,4507,名詞,固有名詞,一般,*,*,*,冴えない彼女の育てかた,サエナイヒロインノソダテカタ,サエナイヒロインノソダテカタ
居合道,,,7945,名詞,固有名詞,一般,*,*,*,合気道,イアイドウ,イアイドー
A型,,,8042,名詞,固有名詞,一般,*,*,*,AB型,エーガタ,エーガタ
高校中退,,,-79,名詞,固有名詞,一般,*,*,*,中退,コウコウチュウタイ,コーコーチュータイ
文具,,,5503,名詞,一般,*,*,*,*,文房具,ブング,ブング
魔法使いと黒猫のウィズ,,,4600,名詞,固有名詞,一般,*,*,*,黒ウィズ,マホウツカイトクロネコノウィズ,マホーツカイトクロネコノウィズ
山野草,,,7676,名詞,固有名詞,一般,*,*,*,野草,サンヤソウ,サンヤソー
鈴本,,,8223,名詞,固有名詞,一般,*,*,*,鈴本美愉,スズモト,スズモト
新選組,,,6641,名詞,固有名詞,人名,一般,*,*,新撰組,シンセングミ,シンセングミ
艦船模型,,,7206,名詞,固有名詞,一般,*,*,*,艦船,カンセンモケイ,カンセンモケイ
愛国,,,3181,名詞,一般,*,*,*,*,愛国心,アイコク,アイコク
ドリフ,,,6969,名詞,固有名詞,一般,*,*,*,ドリフターズ,ドリフ,ドリフ
工学部,,,5293,名詞,一般,*,*,*,*,工学,コウガクブ,コーガクブ
権力者,,,5733,名詞,固有名詞,一般,*,*,*,権力,ケンリョクシャ,ケンリョクシャ
黒猫のウィズ,,,4972,名詞,固有名詞,一般,*,*,*,黒ウィズ,クロネコノウィズ,クロネコノウィズ
松本山雅FC,,,4972,名詞,固有名詞,一般,*,*,*,松本山雅,マツモトヤマガエフシー,マツモトヤマガエフシー
魔法科,,,6712,名詞,固有名詞,一般,*,*,*,魔法科高校の劣等生,マホウカ,マホーカ
千穐楽,,,8181,名詞,固有名詞,一般,*,*,*,千秋楽,センシュウラク,センシュウラク
手渡,,,5925,名詞,サ変接続,*,*,*,*,手渡し,テワタシ,テワタシ
宝塚歌劇団,,,6749,名詞,固有名詞,組織,*,*,*,宝塚,タカラヅカカゲキダン,タカラズカカゲキダン
野外露出,,,5531,名詞,サ変接続,*,*,*,*,露出,ヤガイロシュツ,ヤガイロシュツ
東京ヤクルト,,,302,名詞,固有名詞,一般,*,*,*,東京ヤクルトスワローズ,トウキョウヤクルト,トーキョーヤクルト
Hey!,,,7706,名詞,固有名詞,一般,*,*,*,Hey!Say!,ヘイ,ヘイ
星のカービィ,,,4972,名詞,固有名詞,一般,*,*,*,カービィ,ホシノカービィ,ホシノカービィ
君の名は,,,7706,名詞,固有名詞,一般,*,*,*,君の名は。,キミノナハ,キミノナワ
情報工学科,,,6371,名詞,固有名詞,組織,*,*,*,情報工学,ジョウホウコウガッカ,ジョーホーコーガッカ
北海道日本ハムファイターズ,,,1360,名詞,固有名詞,人名,一般,*,*,日ハム,ホッカイドウニッポンハムファイターズ,ホッカイドーニッポンハムファイターズ
ユーリ!!! on ICE,,,4445,名詞,固有名詞,一般,*,*,*,ユーリ!!!on ICE,ユーリオンアイス,ユーリオンアイス
韓流ドラマ,,,6418,名詞,固有名詞,一般,*,*,*,ドラマ,ハンリュウドラマ,ハンリュードラマ
日舞,,,5524,名詞,一般,*,*,*,*,舞踊,ニチブ,ニチブ
巨人軍,,,7712,名詞,固有名詞,組織,*,*,*,読売巨人軍,キョジングン,キョジングン
レッズ,,,5013,名詞,固有名詞,組織,*,*,*,浦和レッズ,レッズ,レッズ
抑うつ,,,8181,名詞,固有名詞,一般,*,*,*,うつ病,ヨクウツ,ヨクウツ
カイワレ,,,3557,名詞,一般,*,*,*,*,カイワレハンマー,カイワレ,カイワレ
単行,,,1732,名詞,サ変接続,*,*,*,*,単行本,タンコウ,タンコー
事務局長,,,7706,名詞,固有名詞,一般,*,*,*,事務局,ジムキョクチョウ,ジムキョクチョー
時事問題,,,6883,名詞,固有名詞,一般,*,*,*,時事ネタ,ジジモンダイ,ジジモンダイ
ファジアーノ,,,4593,名詞,固有名詞,一般,*,*,*,ファジアーノ岡山,ファジアーノ,ファジアーノ
支持者,,,4669,名詞,固有名詞,一般,*,*,*,支持,シジシャ,シジシャ
城ホール,,,7706,名詞,固有名詞,一般,*,*,*,城ホ,ジョウホール,ジョウホール
儲け話,,,8181,名詞,固有名詞,一般,*,*,*,金儲け,モウケバナシ,モーケバナシ
トレイルラン,,,4286,名詞,固有名詞,一般,*,*,*,トレラン,トレイルラン,トレイルラン
でんぱ,,,7298,名詞,サ変接続,*,*,*,*,でんぱ組,デンパ,デンパ
味音痴,,,8181,名詞,固有名詞,一般,*,*,*,味覚音痴,アジオンチ,アジオンチ
どう森,,,8181,名詞,固有名詞,一般,*,*,*,どうぶつの森,ドウモリ,ドーモリ
鉄拳7,,,8181,名詞,固有名詞,一般,*,*,*,鉄拳,テッケンセブン,テッケンセブン
ベガルタ,,,6295,名詞,固有名詞,一般,*,*,*,ベガルタ仙台,ベガルタ,ベガルタ
フリーアナウンサー,,,-2316,名詞,固有名詞,一般,*,*,*,アナウンサー,フリーアナウンサー,フリーアナウンサー
反日左翼,,,7635,名詞,固有名詞,一般,*,*,*,左翼,ハンニチサヨク,ハンニチサヨク
ゼルダの伝説,,,4972,名詞,固有名詞,一般,*,*,*,ゼルダ,ゼルダノデンセツ,ゼルダノデンセツ
自閉症スペクトラム障害,,,3902,名詞,固有名詞,一般,*,*,*,自閉症,ジヘイショウスペクトラムショウガイ,ジヘイショースペクトラムショーガイ
自閉症スペクトラム,,,1171,名詞,固有名詞,一般,*,*,*,自閉症,ジヘイショウスペクトラム,ジヘイショースペクトラム
妊娠中,,,6492,名詞,固有名詞,一般,*,*,*,妊娠,ニンシンチュウ,ニンシンチュー
同業,,,4163,名詞,一般,*,*,*,*,同業者,ドウギョウ,ドーギョー
求人情報,,,6841,名詞,固有名詞,一般,*,*,*,求人,キュウジンジョウホウ,キュージンジョウホー
ひなビタ,,,7706,名詞,固有名詞,一般,*,*,*,ひなビタ♪,ヒナビタ,ヒナビタ
三国無双,,,6779,名詞,固有名詞,一般,*,*,*,三國無双,サンゴクムソウ,サンゴクムソー
無党派層,,,7706,名詞,固有名詞,一般,*,*,*,無党派,ムトウハソウ,ムトーハソー
広汎性発達障害,,,4487,名詞,固有名詞,一般,*,*,*,発達障害,コウハンセイハッタツショウガイ,コーハンセイハッタツショーガイ
E-Girls,,,4487,名詞,固有名詞,一般,*,*,*,E-girls,イーガールズ,イーガールズ
レイソル,,,5091,名詞,固有名詞,組織,*,*,*,柏レイソル,レイソル,レイソル
アカメが斬る!,,,4487,名詞,固有名詞,一般,*,*,*,アカメ,アカメガキル,アカメガキル
不眠,,,5838,名詞,一般,*,*,*,*,不眠症,フミン,フミン
リトルバスターズ!,,,4809,名詞,固有名詞,一般,*,*,*,リトバス,リトルバスターズ,リトルバスターズ
プラモデル,,,3553,名詞,一般,*,*,*,*,プラモ,プラモデル,プラモデル
理数,,,5496,名詞,一般,*,*,*,*,理科,リスウ,リスー
埼玉西武,,,3780,名詞,固有名詞,一般,*,*,*,埼玉西武ライオンズ,サイタマセイブ,サイタマセイブ
解離性障害,,,6418,名詞,固有名詞,一般,*,*,*,双極性障害,カイリセイショウガイ,カイリセイショーガイ
保守派,,,6536,名詞,固有名詞,一般,*,*,*,保守,ホシュハ,ホシュハ
ボダ,,,7487,名詞,固有名詞,人名,一般,*,*,ボダブレ,ボダ,ボダ
振り付け,,,4311,名詞,サ変接続,*,*,*,*,振付,フリツケ,フリツケ
作業療法士,,,6418,名詞,固有名詞,一般,*,*,*,理学療法士,サギョウリョウホウシ,サギョーリョーホーシ
雑貨屋さん,,,6418,名詞,固有名詞,一般,*,*,*,雑貨屋,ザッカヤサン,ザッカヤサン
鍼灸師,,,8181,名詞,固有名詞,一般,*,*,*,鍼灸,シンキュウシ,シンキュウシ
グラビアアイドル,,,360,名詞,固有名詞,一般,*,*,*,グラビア,グラビアアイドル,グラビアアイドル
ジョーカーゲーム,,,88,名詞,固有名詞,一般,*,*,*,ジョーカー・ゲーム,ジョーカーゲーム,ジョーカーゲーム
コンサドーレ札幌,,,4469,名詞,固有名詞,一般,*,*,*,北海道コンサドーレ札幌,コンサドーレサッポロ,コンサドーレサッポロ
焼鳥,,,5522,名詞,一般,*,*,*,*,焼き鳥,ヤキトリ,ヤキトリ
野党共闘,,,7536,名詞,固有名詞,一般,*,*,*,野党,ヤトウキョウトウ,ヤトーキョウトー
株主優待,,,3276,名詞,固有名詞,一般,*,*,*,優待,カブヌシユウタイ,カブヌシユータイ
スキューバダイビング,,,3557,名詞,一般,*,*,*,*,ダイビング,スキューバダイビング,スキューバダイビング
西武ライオンズ,,,6717,名詞,固有名詞,組織,*,*,*,埼玉西武ライオンズ,セイブライオンズ,セイブライオンズ
コンサルタント,,,3545,名詞,一般,*,*,*,*,コンサル,コンサルタント,コンサルタント
ボーリング,,,4228,名詞,サ変接続,*,*,*,*,ボウリング,ボーリング,ボーリング
ゴーカイジャー,,,3563,名詞,固有名詞,一般,*,*,*,ゴーカイ,ゴーカイジャー,ゴーカイジャー
統計学,,,5975,名詞,固有名詞,一般,*,*,*,統計,トウケイガク,トーケイガク
大学祭,,,5398,名詞,固有名詞,一般,*,*,*,学園祭,ダイガクサイ,ダイガクサイ
京阪電車,,,7370,名詞,固有名詞,一般,*,*,*,京阪,ケイハンデンシャ,ケイハンデンシャ
オートレース,,,3502,名詞,一般,*,*,*,*,ボートレース,オートレース,オートレース
問合せ,,,4256,名詞,サ変接続,*,*,*,*,問い合わせ,トイアワセ,トイアワセ
糖尿,,,5515,名詞,一般,*,*,*,*,糖尿病,トウニョウ,トーニョー
ロウきゅーぶ!,,,4487,名詞,固有名詞,一般,*,*,*,ロウきゅーぶ,ロウキューブ,ロウキューブ
クトゥルフ神話TRPG,,,4600,名詞,固有名詞,一般,*,*,*,クトゥルフ,クトゥルフシンワティーアールピージー,クトゥルフシンワティーアールピージー
競技かるた,,,6418,名詞,固有名詞,一般,*,*,*,かるた,キョウギカルタ,キョーギカルタ
ウィスキー,,,3557,名詞,一般,*,*,*,*,ウイスキー,ウィスキー,ウィスキー
社会保険労務士,,,4487,名詞,固有名詞,一般,*,*,*,社労士,シャカイホケンロウムシ,シャカイホケンロームシ
優馬,,,8042,名詞,固有名詞,一般,*,*,*,中山優馬,ユウマ,ユーマ
マスゴミ,,,4236,名詞,固有名詞,一般,*,*,*,マスコミ,マスゴミ,マスゴミ
大相撲,,,4763,名詞,一般,*,*,*,*,相撲,オオズモウ,オーズモー
買い取り,,,5297,名詞,一般,*,*,*,*,買取,カイトリ,カイトリ
ドーム,,,6207,名詞,一般,*,*,*,*,東京ドーム,ドーム,ドーム
モンハン4,,,6418,名詞,固有名詞,一般,*,*,*,モンハンX,モンハンフォー,モンハンフォー
東北楽天ゴールデンイーグルス,,,3132,名詞,固有名詞,組織,*,*,*,楽天イーグルス,トウホクラクテンゴールデンイーグルス,トーホクラクテンゴールデンイーグルス
封神演義,,,7706,名詞,固有名詞,一般,*,*,*,封神,ホウシンエンギ,ホウシンエンギ
乙女ゲー,,,7706,名詞,固有名詞,一般,*,*,*,乙女ゲーム,オトメゲー,オトメゲー
淡水,,,5522,名詞,一般,*,*,*,*,淡水魚,タンスイ,タンスイ
ホテルヘルス,,,3463,名詞,固有名詞,一般,*,*,*,ホテヘル,ホテルヘルス,ホテルヘルス
マリーンズ,,,5503,名詞,固有名詞,一般,*,*,*,千葉ロッテマリーンズ,マリーンズ,マリーンズ
維新の会,,,7678,名詞,固有名詞,一般,*,*,*,維新,イシンノカイ,イシンノカイ
マドリー,,,6295,名詞,固有名詞,一般,*,*,*,レアル・マドリード,マドリー,マドリー
史学,,,5495,名詞,一般,*,*,*,*,歴史学,シガク,シガク
管理栄養士,,,6418,名詞,固有名詞,一般,*,*,*,栄養士,カンリエイヨウシ,カンリエイヨーシ
戦国鍋TV,,,6418,名詞,固有名詞,一般,*,*,*,戦国鍋,センゴクナベティービー,センゴクナベティービー
王室教師ハイネ,,,4487,名詞,固有名詞,一般,*,*,*,ハイネ,オウシツキョウシツハイネ,オーシツキョーシツハイネ
サンフレ,,,6295,名詞,固有名詞,一般,*,*,*,サンフレッチェ広島,サンフレ,サンフレ
ロアッソ,,,6295,名詞,固有名詞,一般,*,*,*,ロアッソ熊本,ロアッソ,ロアッソ
公明,,,3152,名詞,固有名詞,組織,*,*,*,公明党,コウメイ,コーメイ
硬式野球部,,,2293,名詞,固有名詞,一般,*,*,*,硬式野球,コウシキヤキュウブ,コーシキヤキューブ
保守系,,,4705,名詞,固有名詞,一般,*,*,*,保守,ホシュケイ,ホシュケイ
連載中,,,6491,名詞,固有名詞,一般,*,*,*,連載,レンサイチュウ,レンサイチュー
三菱東京UFJ銀行,,,4809,名詞,固有名詞,一般,*,*,*,三菱東京UFJ,ミツビシトウキョウユーエフジェイ,ミツビシトーキョーユーエフジェイ
民主,,,4169,名詞,一般,*,*,*,*,民主主義,ミンシュ,ミンシュ
横浜F・マリノス,,,4469,名詞,固有名詞,一般,*,*,*,マリノス,ヨコハマエフマリノス,ヨコハマエフマリノス
かぎ針,,,7165,名詞,一般,*,*,*,*,かぎ針編み,カギバリ,カギバリ
京都サンガF.C.,,,4809,名詞,固有名詞,一般,*,*,*,京都サンガ,キョウトサンガエフシー,キョートサンガエフシー
言葉攻め,,,4675,名詞,固有名詞,一般,*,*,*,責め,コトバゼメ,コトバゼメ
アントラーズ,,,-99,名詞,固有名詞,一般,*,*,*,鹿島アントラーズ,カシマアントラーズ,カシマアントラーズ
学生会,,,4987,名詞,固有名詞,一般,*,*,*,学会,ガクセイカイ,ガクセイカイ
バラエティー,,,3542,名詞,一般,*,*,*,*,バラエティ,バラエティー,バラエティー
民俗,,,1939,名詞,一般,*,*,*,*,民俗学,ミンゾク,ミンゾク
バツ,,,4242,名詞,一般,*,*,*,*,バツイチ,バツ,バツ
四天宝寺,,,7706,名詞,固有名詞,一般,*,*,*,四天,シテンホウジ,シテンホウジ
広島カープ,,,2652,名詞,固有名詞,一般,*,*,*,広島東洋カープ,ヒロシマカープ,ヒロシマカープ
夏恋,,,-2052,名詞,固有名詞,一般,*,*,*,藤井夏恋,ナツコイ,ナツコイ
ベルマーレ,,,5503,名詞,固有名詞,一般,*,*,*,湘南ベルマーレ,ベルマーレ,ベルマーレ
定形,,,5502,名詞,一般,*,*,*,*,定形外,テイケイ,テイケイ
西澤瑠莉奈,,,6418,名詞,固有名詞,一般,*,*,*,西潟茉莉奈,ニシザワルリナ,ニシザワルリナ
中傷,,,4009,名詞,サ変接続,*,*,*,*,誹謗中傷,チュウショウ,チューショー
強迫性障害,,,6418,名詞,固有名詞,一般,*,*,*,双極性障害,キョウハクセイショウガイ,キョーハクセイショーガイ
取締役,,,4519,名詞,一般,*,*,*,*,代表取締役,トリシマリヤク,トリシマリヤク
アビスパ,,,6295,名詞,固有名詞,一般,*,*,*,アビスパ福岡,アビスパ,アビスパ
コンサドーレ,,,5303,名詞,固有名詞,組織,*,*,*,北海道コンサドーレ札幌,コンサドーレ,コンサドーレ
魔法科高校,,,4848,名詞,固有名詞,一般,*,*,*,魔法科高校の劣等生,マホウカコウコウ,マホーカコウコー
けいおん!,,,6418,名詞,固有名詞,一般,*,*,*,けいおん,ケイオン,ケイオン
キジ,,,3195,名詞,一般,*,*,*,*,キジトラ,キジ,キジ
議員,,,1574,名詞,一般,*,*,*,*,国会議員,ギイン,ギイン
プログラマー,,,3557,名詞,一般,*,*,*,*,プログラミング,プログラマー,プログラマー
AKBグループ,,,4487,名詞,固有名詞,一般,*,*,*,AKB48グループ,エーケービーグループ,エーケービーグループ
新感線,,,8181,名詞,固有名詞,一般,*,*,*,劇団☆新感線,シンカンセン,シンカンセン
個人投資家,,,6418,名詞,固有名詞,一般,*,*,*,投資,コジントウシカ,コジントーシカ
走幅跳,,,5521,名詞,一般,*,*,*,*,走り幅跳び,ハシリハバトビ,ハシリハバトビ
取り引き,,,3956,名詞,サ変接続,*,*,*,*,取引,トリヒキ,トリヒキ
インプ,,,6969,名詞,固有名詞,一般,*,*,*,インプレッサ,インプ,インプ
実行委員会,,,6165,名詞,固有名詞,一般,*,*,*,実行委員,ジッコウイインカイ,ジッコーイーンカイ
パーソナリティー,,,3557,名詞,一般,*,*,*,*,パーソナリティ,パーソナリティー,パーソナリティー
冴え,,,5442,名詞,一般,*,*,*,*,冴えカノ,サエ,サエ
改憲派,,,7918,名詞,固有名詞,一般,*,*,*,改憲,カイケンハ,カイケンハ
戦国大戦,,,7706,名詞,固有名詞,一般,*,*,*,三国志大戦,センゴクタイセン,センゴクタイセン
幽☆遊☆白書,,,4972,名詞,固有名詞,一般,*,*,*,幽白,ユウユウハクショ,ユウユウハクショ
ユーフォニアム,,,3563,名詞,固有名詞,一般,*,*,*,ユーフォ,ユーフォニアム,ユーフォニアム
関西ジャニーズJr.,,,3428,名詞,固有名詞,人名,一般,*,*,関西Jr.,カンサイジャニーズジュニア,カンサイジャニーズジュニア
蒼き鋼のアルペジオ,,,4809,名詞,固有名詞,一般,*,*,*,アルペジオ,アオキハガネノアルペジオ,アオキハガネノアルペジオ
理工学,,,7071,名詞,固有名詞,一般,*,*,*,理工,リコウガク,リコーガク
代表取締役社長,,,4487,名詞,固有名詞,一般,*,*,*,代表取締役,ダイヒョウトリシマリヤクシャチョウ,ダイヒョートリシマリヤクシャチョー
エスパルス,,,5022,名詞,固有名詞,組織,*,*,*,清水エスパルス,エスパルス,エスパルス
代表理事,,,3810,名詞,固有名詞,一般,*,*,*,理事,ダイヒョウリジ,ダイヒョーリジ
ソフトバンクホークス,,,-241,名詞,固有名詞,一般,*,*,*,ソフトバンク,ソフトバンクホークス,ソフトバンクホークス
フロンターレ,,,4593,名詞,固有名詞,一般,*,*,*,川崎フロンターレ,フロンターレ,フロンターレ
グランパス,,,5022,名詞,固有名詞,組織,*,*,*,名古屋グランパス,グランパス,グランパス
反日勢力,,,4680,名詞,固有名詞,一般,*,*,*,反日,ハンニチセイリョク,ハンニチセイリョク
副委員長,,,4701,名詞,固有名詞,一般,*,*,*,委員,フクイインチョウ,フクイーンチョー
投信,,,5516,名詞,一般,*,*,*,*,投資信託,トウシン,トーシン
セレッソ,,,4892,名詞,固有名詞,組織,*,*,*,セレッソ大阪,セレッソ,セレッソ
エンターテインメント,,,3547,名詞,一般,*,*,*,*,エンターテイメント,エンターテインメント,エンターテインメント
世界樹の迷宮,,,4972,名詞,固有名詞,一般,*,*,*,世界樹,セカイジュノメイキュウ,セカイジュノメイキュー
マリカー,,,2614,名詞,固有名詞,一般,*,*,*,マリカ,マリカー,マリカー
フレームアームズ,,,2415,名詞,固有名詞,一般,*,*,*,フレームアームズ・ガール,フレームアームズ,フレームアームズ
精神障害者,,,6418,名詞,固有名詞,一般,*,*,*,精神障害,セイシンショウガイシャ,セイシンショーガイシャ
千葉ロッテ,,,5511,名詞,固有名詞,組織,*,*,*,千葉ロッテマリーンズ,チバロッテ,チバロッテ
日本ハムファイターズ,,,408,名詞,固有名詞,一般,*,*,*,日ハム,ニッポンハムファイターズ,ニッポンハムファイターズ
ツキウタ,,,6295,名詞,固有名詞,一般,*,*,*,ツキウタ。,ツキウタ,ツキウタ
ジュンス,,,6755,名詞,固有名詞,人名,一般,*,*,ジェジュン,ジュンス,ジュンス
軟式野球部,,,4508,名詞,固有名詞,一般,*,*,*,軟式野球,ナンシキヤキュウブ,ナンシキヤキューブ
理工学部,,,5520,名詞,一般,*,*,*,*,理工,リコウガクブ,リコーガクブ
ヤクルトスワローズ,,,1147,名詞,固有名詞,一般,*,*,*,東京ヤクルトスワローズ,ヤクルトスワローズ,ヤクルトスワローズ
バファローズ,,,4593,名詞,固有名詞,一般,*,*,*,オリックス・バファローズ,バファローズ,バファローズ
北人,,,7570,名詞,固有名詞,一般,*,*,*,吉野北人,ホクジン,ホクジン
みなるん,,,7706,名詞,固有名詞,一般,*,*,*,みるるん,ミナルン,ミナルン
ジュビロ,,,6405,名詞,固有名詞,組織,*,*,*,ジュビロ磐田,ジュビロ,ジュビロ
Webサイト,,,4972,名詞,固有名詞,一般,*,*,*,WEBサイト,ウェブサイト,ウェブサイト
三井住友銀行,,,5511,名詞,固有名詞,組織,*,*,*,三井住友,ミツイスミトモギンコウ,ミツイスミトモギンコー
とびっ子,,,7706,名詞,固有名詞,一般,*,*,*,とびっこ,トビッコ,トビッコ
透明水彩,,,7501,名詞,固有名詞,一般,*,*,*,水彩,トウメイスイサイ,トーメイスイサイ
Wii U,,,6418,名詞,固有名詞,一般,*,*,*,Wii・U,ウィーユー,ウィーユー
美勇人,,,8181,名詞,固有名詞,一般,*,*,*,森田美勇人,ミュウト,ミュウト
アスペルガー症候群,,,4809,名詞,固有名詞,一般,*,*,*,アスペルガー,アスペルガーショウコウグン,アスペルガーショーコーグン
自民党支持,,,5761,名詞,固有名詞,一般,*,*,*,自民党,ジミントウシジ,ジミントーシジ
がっこうぐらし!,,,4469,名詞,固有名詞,一般,*,*,*,がっこうぐらし,ガッコウグラシ,ガッコーグラシ
柱島泊地,,,7706,名詞,固有名詞,一般,*,*,*,泊地,ハシラジマハクチ,ハシラジマハクチ
自傷行為,,,7706,名詞,固有名詞,一般,*,*,*,自傷,ジショウコウイ,ジショウコーイ
日本国民,,,1547,名詞,固有名詞,一般,*,*,*,日本国,ニッポンコクミン,ニッポンコクミン
インターンシップ,,,2131,名詞,一般,*,*,*,*,インターン,インターンシップ,インターンシップ
とらドラ!,,,6418,名詞,固有名詞,一般,*,*,*,とらドラ,トラドラ,トラドラ
外資,,,5502,名詞,一般,*,*,*,*,外資系,ガイシ,ガイシ
偏向,,,4361,名詞,サ変接続,*,*,*,*,報道,ヘンコウ,ヘンコー
自民,,,6688,名詞,固有名詞,組織,*,*,*,自民党,ジミン,ジミン
民進党,,,6749,名詞,固有名詞,組織,*,*,*,自民党,ミンシントウ,ミンシントー
パリーグ,,,4923,名詞,固有名詞,組織,*,*,*,パ・リーグ,パリーグ,パリーグ
共産,,,3576,名詞,固有名詞,組織,*,*,*,日本共産党,キョウサン,キョーサン
振り込み,,,4602,名詞,サ変接続,*,*,*,*,振込,フリコミ,フリコミ
特定秘密保護法,,,4487,名詞,固有名詞,一般,*,*,*,秘密保護法,トクテイヒミツホゴホウ,トクテイヒミツホゴホー
売国,,,5522,名詞,一般,*,*,*,*,売国奴,バイコク,バイコク
過食嘔吐,,,5757,名詞,固有名詞,一般,*,*,*,過食,カショクオウト,カショクオート
商標,,,5521,名詞,一般,*,*,*,*,登録商標,ショウヒョウ,ショーヒョー
深夜アニメ,,,4109,名詞,固有名詞,一般,*,*,*,アニメ,シンヤアニメ,シンヤアニメ
アニメ声優,,,5055,名詞,固有名詞,一般,*,*,*,アニメ,アニメセイユウ,アニメセイユー
ラノベ,,,6969,名詞,固有名詞,一般,*,*,*,ライトノベル,ラノベ,ラノベ
好きな音楽,,,-1137,名詞,固有名詞,一般,*,*,*,音楽,スキナオンガク,スキナオンガク
プログレ,,,6295,名詞,固有名詞,一般,*,*,*,ロック,プログレ,プログレ
J-ROCK,,,4972,名詞,固有名詞,一般,*,*,*,ロック,ジェイロック,ジェイロック
バラエティー,,,3542,名詞,一般,*,*,*,*,バラエティ,バラエティー,バラエティー
TVゲーム,,,6418,名詞,固有名詞,一般,*,*,*,ゲーム,テレビゲーム,テレビゲーム
スマフォ,,,6295,名詞,固有名詞,一般,*,*,*,スマホ,スマフォ,スマフォ
番組,,,3369,名詞,一般,*,*,*,*,テレビ,バングミ,バングミ
地上波,,,5512,名詞,一般,*,*,*,*,テレビ,チジョウハ,チジョーハ
テレビっ子,,,4914,名詞,固有名詞,一般,*,*,*,テレビ,テレビッコ,テレビッコ
TV,,,5581,名詞,固有名詞,一般,*,*,*,テレビ,ティーブイ,ティーブイ
TVドラマ,,,6418,名詞,固有名詞,一般,*,*,*,ドラマ,テレビドラマ,テレビドラマ
漫才,,,5522,名詞,一般,*,*,*,*,お笑い,マンザイ,マンザイ
芸能,,,5557,名詞,一般,*,*,*,*,バラエティ,ゲイノウ,ゲイノー
ライヴ,,,3555,名詞,一般,*,*,*,*,ライブ,ライヴ,ライブ
邦楽,,,5529,名詞,一般,*,*,*,*,J-POP,ホウガク,ホーガク
あじかん,,,8861,名詞,固有名詞,組織,*,*,*,アジカン,アジカン,アジカン
ロックバンド,,,3348,名詞,一般,*,*,*,*,ロック,ロックバンド,ロックバンド
J-ROCK,,,4972,名詞,固有名詞,一般,*,*,*,ロック,ジェイロック,ジェイロック
映画鑑賞,,,3295,名詞,固有名詞,一般,*,*,*,映画,エイガカンショウ,エイガカンショー
映画館,,,2550,名詞,一般,*,*,*,*,映画,エイガカン,エイガカン
まんが,,,7148,名詞,一般,*,*,*,*,漫画,マンガ,マンガ
本読み,,,5522,名詞,一般,*,*,*,*,読書,ホンヨミ,ホンヨミ
本が好き,,,4167,名詞,固有名詞,一般,*,*,*,読書,ホンガスキ,ホンガスキ
本読み,,,5522,名詞,一般,*,*,*,*,読書,ホンヨミ,ホンヨミ
仏閣,,,5522,名詞,一般,*,*,*,*,仏像,ブッカク,ブッカク
寺社,,,5519,名詞,一般,*,*,*,*,神社,ジシャ,ジシャ
喫茶店,,,5271,名詞,一般,*,*,*,*,カフェ,キッサテン,キッサテン
アニメ映画,,,2092,名詞,固有名詞,一般,*,*,*,アニメ,アニメエイガ,アニメエイガ
TBSラジオ,,,4972,名詞,固有名詞,一般,*,*,*,ラジオ,ティービーエスラジオ,ティービーエスラジオ
町歩き,,,-99,名詞,固有名詞,一般,*,*,*,街歩き,マチアルキ,マチアルキ
呑み歩き,,,-99,名詞,固有名詞,一般,*,*,*,飲み歩き,ノミアルキ,ノミアルキ
登山,,,3659,名詞,サ変接続,*,*,*,*,山登り,トザン,トザン
ハイキング,,,3343,名詞,サ変接続,*,*,*,*,山登り,ハイキング,ハイキング
旅客機,,,4115,名詞,一般,*,*,*,*,飛行機,リョカクキ,リョカクキ
航空機,,,5752,名詞,一般,*,*,*,*,飛行機,コウクウキ,コークーキ
航空,,,4520,名詞,一般,*,*,*,*,飛行機,コウクウ,コークー
自動車,,,2490,名詞,一般,*,*,*,*,クルマ,ジドウシャ,ジドーシャ
オートバイ,,,3411,名詞,一般,*,*,*,*,バイク,オートバイ,オートバイ
二輪,,,1928,名詞,一般,*,*,*,*,バイク,ニリン,ニリン
原付,,,5522,名詞,一般,*,*,*,*,バイク,ゲンツキ,ゲンツキ
ジョギング,,,3541,名詞,一般,*,*,*,*,ランニング,ジョギング,ジョギング
スキューバダイビング,,,3557,名詞,一般,*,*,*,*,ダイビング,スキューバダイビング,スキューバダイビング
海釣り,,,8181,名詞,固有名詞,一般,*,*,*,釣り,ウミヅリ,ウミズリ
2ch,,,8181,名詞,固有名詞,一般,*,*,*,2ちゃん,ニチャンネル,ニチャンネル
2ちゃんねる,,,4972,名詞,固有名詞,一般,*,*,*,2ちゃん,ニチャンネル,ニチャンネル
2chまとめサイト,,,4809,名詞,固有名詞,一般,*,*,*,2ちゃん,ニチャンネルマトメサイト,ニチャンネルマトメサイト
本が好き,,,4167,名詞,固有名詞,一般,*,*,*,読書,ホンガスキ,ホンガスキ
本,,,5847,名詞,一般,*,*,*,*,読書,ホン,ホン
仏閣,,,5522,名詞,一般,*,*,*,*,仏像,ブッカク,ブッカク
寺社,,,5519,名詞,一般,*,*,*,*,神社,ジシャ,ジシャ
喫茶店,,,5271,名詞,一般,*,*,*,*,カフェ,キッサテン,キッサテン
アニメ映画,,,2092,名詞,固有名詞,一般,*,*,*,アニメ,アニメエイガ,アニメエイガ
TBSラジオ,,,4972,名詞,固有名詞,一般,*,*,*,ラジオ,ティービーエスラジオ,ティービーエスラジオ
クライミング,,,4326,名詞,サ変接続,*,*,*,*,山登り,クライミング,クライミング
サード,,,3557,名詞,一般,*,*,*,*,野球,サード,サード
捕手,,,4304,名詞,一般,*,*,*,*,野球,ホシュ,ホシュ
遊撃手,,,5506,名詞,一般,*,*,*,*,野球,ユウゲキシュ,ユーゲキシュ
内野手,,,5052,名詞,固有名詞,一般,*,*,*,野球,ナイヤシュ,ナイヤシュ
外野手,,,6269,名詞,固有名詞,一般,*,*,*,野球,ガイヤシュ,ガイヤシュ
レフト,,,3555,名詞,一般,*,*,*,*,野球,レフト,レフト
野球ファン,,,-2260,名詞,固有名詞,一般,*,*,*,野球,ヤキュウファン,ヤキューファン
学生さん,,,5739,名詞,固有名詞,一般,*,*,*,学生,ガクセイサン,ガクセイサン
生姜,,,5500,名詞,一般,*,*,*,*,しょうが,ショウガ,ショーガ
ワンコ,,,7151,名詞,固有名詞,人名,一般,*,*,犬,ワンコ,ワンコ
ワンちゃん,,,6418,名詞,固有名詞,一般,*,*,*,犬,ワンチャン,ワンチャン
愛犬,,,5410,名詞,一般,*,*,*,*,犬,アイケン,アイケン
イヌ,,,3388,名詞,一般,*,*,*,*,犬,イヌ,イヌ
ネコ,,,3539,名詞,一般,*,*,*,*,猫,ネコ,ネコ
猫ちゃん,,,7706,名詞,固有名詞,一般,*,*,*,猫,ネコチャン,ネコチャン
猫さん,,,7450,名詞,固有名詞,一般,*,*,*,猫,ネコサン,ネコサン
珈琲,,,5445,名詞,一般,*,*,*,*,コーヒー,コーヒー,コーヒー
ごはん,,,6987,名詞,一般,*,*,*,*,ご飯,ゴハン,ゴハン
酒好き,,,5522,名詞,一般,*,*,*,*,お酒,サケズキ,サケズキ
酒飲み,,,5510,名詞,一般,*,*,*,*,お酒,サケノミ,サケノミ
飲酒,,,4035,名詞,サ変接続,*,*,*,*,お酒,インシュ,インシュ
居酒屋,,,5520,名詞,一般,*,*,*,*,お酒,イザカヤ,イザカヤ
愛煙家,,,6741,名詞,固有名詞,一般,*,*,*,たばこ,アイエンカ,アイエンカ
煙草,,,5369,名詞,一般,*,*,*,*,たばこ,タバコ,タバコ
タバコ,,,3396,名詞,一般,*,*,*,*,たばこ,タバコ,タバコ
近大,,,6713,名詞,固有名詞,組織,*,*,*,大学,キンダイ,キンダイ
日大,,,3747,名詞,固有名詞,組織,*,*,*,大学,ニチダイ,ニチダイ
日体大,,,6743,名詞,固有名詞,組織,*,*,*,大学,ニッタイダイ,ニッタイダイ
久留米大,,,-3420,名詞,固有名詞,組織,*,*,*,大学,クルメダイ,クルメダイ
北九大,,,6736,名詞,固有名詞,一般,*,*,*,大学,キタキュウダイ,キタキューダイ
九産大,,,8181,名詞,固有名詞,一般,*,*,*,大学,キュウサンダイ,キューサンダイ
九大,,,4600,名詞,固有名詞,組織,*,*,*,大学,キュウダイ,キューダイ
阪大,,,6581,名詞,固有名詞,組織,*,*,*,大学,ハンダイ,ハンダイ
京大,,,7010,名詞,固有名詞,組織,*,*,*,大学,キョウダイ,キョーダイ
京産大,,,6749,名詞,固有名詞,組織,*,*,*,大学,キョウサンダイ,キョーサンダイ
東大,,,3894,名詞,固有名詞,組織,*,*,*,大学,トウダイ,トーダイ
北大,,,5816,名詞,固有名詞,組織,*,*,*,大学,ホクダイ,ホクダイ
神大,,,6756,名詞,固有名詞,組織,*,*,*,大学,シンダイ,シンダイ
法政大,,,4630,名詞,固有名詞,組織,*,*,*,大学,ホウセイダイ,ホーセイダイ
関西大,,,5651,名詞,固有名詞,組織,*,*,*,大学,カンサイダイ,カンサイダイ
筑波大,,,8919,名詞,固有名詞,組織,*,*,*,大学,ツクバダイ,ツクバダイ
早稲,,,5528,名詞,一般,*,*,*,*,大学,ワセ,ワセ
東洋大,,,6640,名詞,固有名詞,組織,*,*,*,大学,トウヨウダイ,トーヨーダイ
東工大,,,6748,名詞,固有名詞,組織,*,*,*,大学,トウコウダイ,トーコーダイ
東北大,,,5331,名詞,固有名詞,組織,*,*,*,大学,トウホクダイ,トーホクダイ
東海大,,,5396,名詞,固有名詞,組織,*,*,*,大学,トウカイダイ,トーカイダイ
千葉工大,,,7706,名詞,固有名詞,一般,*,*,*,大学,チバコウダイ,チバコーダイ
明星,,,6468,名詞,固有名詞,組織,*,*,*,大学,ミョウジョウ,ミョージョー
明治学院,,,7016,名詞,固有名詞,一般,*,*,*,大学,メイジガクイン,メイジガクイン
慶應義塾,,,6749,名詞,固有名詞,組織,*,*,*,大学,ケイオウギジュク,ケイオーギジュク
関西学院,,,6623,名詞,固有名詞,組織,*,*,*,大学,カンセイガクイン,カンセイガクイン
経済学部,,,4768,名詞,一般,*,*,*,*,経済学,ケイザイガクブ,ケイザイガクブ
経営学部,,,7109,名詞,固有名詞,一般,*,*,*,経営,ケイエイガクブ,ケイエイガクブ
政治経済学部,,,-512,名詞,固有名詞,一般,*,*,*,政治経済,セイジケイザイガクブ,セイジケイザイガクブ
社会学部,,,5522,名詞,一般,*,*,*,*,社会学,シャカイガクブ,シャカイガクブ
教育学部,,,5945,名詞,固有名詞,一般,*,*,*,教育学,キョウイクガクブ,キョーイクガクブ
人文学部,,,5522,名詞,一般,*,*,*,*,人文学,ジンブンガクブ,ジンブンガクブ
文学部,,,4540,名詞,一般,*,*,*,*,文学,ブンガクブ,ブンガクブ
心理学部,,,7706,名詞,固有名詞,一般,*,*,*,心理学,シンリガクブ,シンリガクブ
商学部,,,5506,名詞,一般,*,*,*,*,商学,ショウガクブ,ショーガクブ
理学部,,,5505,名詞,一般,*,*,*,*,理学,リガクブ,リガクブ
農学部,,,5406,名詞,一般,*,*,*,*,農業,ノウガクブ,ノーガクブ
薬学部,,,5498,名詞,一般,*,*,*,*,薬学,ヤクガクブ,ヤクガクブ
農工大,,,8181,名詞,固有名詞,一般,*,*,*,農業,ノウコウダイ,ノーコーダイ
東農大,,,6726,名詞,固有名詞,組織,*,*,*,農業,トウノウダイ,トーノーダイ
中央大,,,3751,名詞,固有名詞,組織,*,*,*,農業,チュウオウダイ,チューオーダイ
工大,,,7623,名詞,一般,*,*,*,*,工学,コウダイ,コーダイ
医学生,,,6780,名詞,固有名詞,一般,*,*,*,医学,イガクセイ,イガクセイ
C/C++,,,6418,名詞,固有名詞,一般,*,*,*,C言語,シーシープラスプラス,シーシープラスプラス
ゲームプログラマ,,,88,名詞,固有名詞,一般,*,*,*,ゲームプログラマー,ゲームプログラマ,ゲームプログラマ
プログラマ,,,3557,名詞,一般,*,*,*,*,プログラマー,プログラマ,プログラマ
台灣,,,8042,名詞,固有名詞,一般,*,*,*,台湾,タイワン,タイワン
バルサ,,,7151,名詞,固有名詞,人名,一般,*,*,FCバルセロナ,バルサ,バルサ
FC Barcelona,,,4043,名詞,固有名詞,一般,*,*,*,FCバルセロナ,フトボルクルブバルセロナ,フトボルクルブバルセロナ
バスケ,,,3553,名詞,一般,*,*,*,*,バスケットボール,バスケ,バスケ
バレー,,,3893,名詞,一般,*,*,*,*,バレーボール,バレー,バレー
バド部,,,8181,名詞,固有名詞,一般,*,*,*,バドミントン,バドブ,バドブ
テニス部,,,3842,名詞,固有名詞,一般,*,*,*,テニス,テニスブ,テニスブ
サッカー部,,,3208,名詞,固有名詞,一般,*,*,*,サッカー,サッカーブ,サッカーブ
高校サッカー,,,-2908,名詞,固有名詞,一般,*,*,*,サッカー,コウコウサッカー,コーコーサッカー
ボーリング,,,4228,名詞,サ変接続,*,*,*,*,ボウリング,ボーリング,ボーリング
スノボー,,,6295,名詞,固有名詞,一般,*,*,*,スノボ,スノボー,スノボー
スノーボード,,,3557,名詞,一般,*,*,*,*,スノボ,スノーボード,スノーボード
スケートボード,,,162,名詞,固有名詞,人名,一般,*,*,スケボー,スケートボード,スケートボード
スケボ,,,10822,名詞,固有名詞,組織,*,*,*,スケボー
買い物,,,4013,名詞,サ変接続,*,*,*,*,ショッピング,カイモノ,カイモノ
買物,,,4316,名詞,サ変接続,*,*,*,*,ショッピング,カイモノ,カイモノ
マック,,,3510,名詞,固有名詞,一般,*,*,*,マクドナルド,マック,マック
手品,,,4360,名詞,サ変接続,*,*,*,*,マジック,テジナ,テジナ
マジシャン,,,5503,名詞,固有名詞,一般,*,*,*,マジック,マジシャン,マジシャン
アスペルガー症候群,,,4809,名詞,固有名詞,一般,*,*,*,アスペルガー,アスペルガーショウコウグン,アスペルガーショーコーグン
菓子,,,4639,名詞,一般,*,*,*,*,お菓子,カシ,カシ
科技,,,7162,名詞,一般,*,*,*,*,科学技術,カギ,カギ
#daihyo,,,4487,名詞,固有名詞,一般,*,*,*,サッカー日本代表,ダイヒョウ,ダイヒョー
レアル,,,7151,名詞,固有名詞,人名,一般,*,*,レアル・マドリード,レアル,レアル
お仕事,,,4586,名詞,固有名詞,一般,*,*,*,仕事,オシゴト,オシゴト
